,DailyAvgAirTemp,DailyCoolingDegreeDays,DailyHeatingDegreeDays
2005-01-01,48.0,0.0,17.0
2005-01-02,52.0,0.0,13.0
2005-01-03,50.0,0.0,15.0
2005-01-04,40.0,0.0,25.0
2005-01-05,36.0,0.0,29.0
2005-01-06,31.0,0.0,34.0
2005-01-07,31.0,0.0,34.0
2005-01-08,33.0,0.0,32.0
2005-01-09,39.0,0.0,26.0
2005-01-10,38.0,0.0,27.0
2005-01-11,48.0,0.0,17.0
2005-01-12,61.0,0.0,4.0
2005-01-13,49.0,0.0,16.0
2005-01-14,27.0,0.0,38.0
2005-01-15,22.0,0.0,43.0
2005-01-16,15.0,0.0,50.0
2005-01-17,7.0,0.0,58.0
2005-01-18,9.0,0.0,56.0
2005-01-19,26.0,0.0,39.0
2005-01-20,22.0,0.0,43.0
2005-01-21,12.0,0.0,53.0
2005-01-22,18.0,0.0,47.0
2005-01-23,4.0,0.0,61.0
2005-01-24,15.0,0.0,50.0
2005-01-25,29.0,0.0,36.0
2005-01-26,28.0,0.0,37.0
2005-01-27,12.0,0.0,53.0
2005-01-28,16.0,0.0,49.0
2005-01-29,28.0,0.0,37.0
2005-01-30,25.0,0.0,40.0
2005-01-31,20.0,0.0,45.0
2005-02-01,24.0,0.0,41.0
2005-02-02,25.0,0.0,40.0
2005-02-03,28.0,0.0,37.0
2005-02-04,34.0,0.0,31.0
2005-02-05,38.0,0.0,27.0
2005-02-06,42.0,0.0,23.0
2005-02-07,45.0,0.0,20.0
2005-02-08,42.0,0.0,23.0
2005-02-09,32.0,0.0,33.0
2005-02-10,26.0,0.0,39.0
2005-02-11,26.0,0.0,39.0
2005-02-12,39.0,0.0,26.0
2005-02-13,39.0,0.0,26.0
2005-02-14,43.0,0.0,22.0
2005-02-15,50.0,0.0,15.0
2005-02-16,39.0,0.0,26.0
2005-02-17,26.0,0.0,39.0
2005-02-18,21.0,0.0,44.0
2005-02-19,27.0,0.0,38.0
2005-02-20,39.0,0.0,26.0
2005-02-21,42.0,0.0,23.0
2005-02-22,35.0,0.0,30.0
2005-02-23,30.0,0.0,35.0
2005-02-24,25.0,0.0,40.0
2005-02-25,26.0,0.0,39.0
2005-02-26,32.0,0.0,33.0
2005-02-27,31.0,0.0,34.0
2005-02-28,35.0,0.0,30.0
2005-03-01,24.0,0.0,41.0
2005-03-02,21.0,0.0,44.0
2005-03-03,24.0,0.0,41.0
2005-03-04,29.0,0.0,36.0
2005-03-05,36.0,0.0,29.0
2005-03-06,44.0,0.0,21.0
2005-03-07,44.0,0.0,21.0
2005-03-08,24.0,0.0,41.0
2005-03-09,24.0,0.0,41.0
2005-03-10,24.0,0.0,41.0
2005-03-11,32.0,0.0,33.0
2005-03-12,31.0,0.0,34.0
2005-03-13,27.0,0.0,38.0
2005-03-14,30.0,0.0,35.0
2005-03-15,33.0,0.0,32.0
2005-03-16,34.0,0.0,31.0
2005-03-17,42.0,0.0,23.0
2005-03-18,45.0,0.0,20.0
2005-03-19,43.0,0.0,22.0
2005-03-20,35.0,0.0,30.0
2005-03-21,35.0,0.0,30.0
2005-03-22,36.0,0.0,29.0
2005-03-23,34.0,0.0,31.0
2005-03-24,39.0,0.0,26.0
2005-03-25,41.0,0.0,24.0
2005-03-26,42.0,0.0,23.0
2005-03-27,40.0,0.0,25.0
2005-03-28,45.0,0.0,20.0
2005-03-29,48.0,0.0,17.0
2005-03-30,59.0,0.0,6.0
2005-03-31,56.0,0.0,9.0
2005-04-01,46.0,0.0,19.0
2005-04-02,40.0,0.0,25.0
2005-04-03,46.0,0.0,19.0
2005-04-04,52.0,0.0,13.0
2005-04-05,61.0,0.0,4.0
2005-04-06,63.0,0.0,2.0
2005-04-07,57.0,0.0,8.0
2005-04-08,51.0,0.0,14.0
2005-04-09,54.0,0.0,11.0
2005-04-10,64.0,0.0,1.0
2005-04-11,65.0,0.0,0.0
2005-04-12,51.0,0.0,14.0
2005-04-13,54.0,0.0,11.0
2005-04-14,49.0,0.0,16.0
2005-04-15,51.0,0.0,14.0
2005-04-16,56.0,0.0,9.0
2005-04-17,62.0,0.0,3.0
2005-04-18,66.0,1.0,0.0
2005-04-19,68.0,3.0,0.0
2005-04-20,68.0,3.0,0.0
2005-04-21,52.0,0.0,13.0
2005-04-22,54.0,0.0,11.0
2005-04-23,38.0,0.0,27.0
2005-04-24,36.0,0.0,29.0
2005-04-25,47.0,0.0,18.0
2005-04-26,47.0,0.0,18.0
2005-04-27,45.0,0.0,20.0
2005-04-28,49.0,0.0,16.0
2005-04-29,48.0,0.0,17.0
2005-04-30,45.0,0.0,20.0
2005-05-01,45.0,0.0,20.0
2005-05-02,42.0,0.0,23.0
2005-05-03,42.0,0.0,23.0
2005-05-04,46.0,0.0,19.0
2005-05-05,52.0,0.0,13.0
2005-05-06,55.0,0.0,10.0
2005-05-07,63.0,0.0,2.0
2005-05-08,63.0,0.0,2.0
2005-05-09,68.0,3.0,0.0
2005-05-10,71.0,6.0,0.0
2005-05-11,70.0,5.0,0.0
2005-05-12,51.0,0.0,14.0
2005-05-13,64.0,0.0,1.0
2005-05-14,59.0,0.0,6.0
2005-05-15,48.0,0.0,17.0
2005-05-16,50.0,0.0,15.0
2005-05-17,54.0,0.0,11.0
2005-05-18,59.0,0.0,6.0
2005-05-19,60.0,0.0,5.0
2005-05-20,58.0,0.0,7.0
2005-05-21,59.0,0.0,6.0
2005-05-22,60.0,0.0,5.0
2005-05-23,62.0,0.0,3.0
2005-05-24,56.0,0.0,9.0
2005-05-25,56.0,0.0,9.0
2005-05-26,61.0,0.0,4.0
2005-05-27,63.0,0.0,2.0
2005-05-28,62.0,0.0,3.0
2005-05-29,61.0,0.0,4.0
2005-05-30,63.0,0.0,2.0
2005-05-31,63.0,0.0,2.0
2005-06-01,65.0,0.0,0.0
2005-06-02,64.0,0.0,1.0
2005-06-03,69.0,4.0,0.0
2005-06-04,72.0,7.0,0.0
2005-06-05,77.0,12.0,0.0
2005-06-06,79.0,14.0,0.0
2005-06-07,78.0,13.0,0.0
2005-06-08,77.0,12.0,0.0
2005-06-09,79.0,14.0,0.0
2005-06-10,80.0,15.0,0.0
2005-06-11,76.0,11.0,0.0
2005-06-12,77.0,12.0,0.0
2005-06-13,76.0,11.0,0.0
2005-06-14,76.0,11.0,0.0
2005-06-15,69.0,4.0,0.0
2005-06-16,65.0,0.0,0.0
2005-06-17,64.0,0.0,1.0
2005-06-18,64.0,0.0,1.0
2005-06-19,66.0,1.0,0.0
2005-06-20,68.0,3.0,0.0
2005-06-21,70.0,5.0,0.0
2005-06-22,74.0,9.0,0.0
2005-06-23,72.0,7.0,0.0
2005-06-24,76.0,11.0,0.0
2005-06-25,80.0,15.0,0.0
2005-06-26,80.0,15.0,0.0
2005-06-27,81.0,16.0,0.0
2005-06-28,77.0,12.0,0.0
2005-06-29,78.0,13.0,0.0
2005-06-30,75.0,10.0,0.0
2005-07-01,73.0,8.0,0.0
2005-07-02,67.0,2.0,0.0
2005-07-03,73.0,8.0,0.0
2005-07-04,78.0,13.0,0.0
2005-07-05,73.0,8.0,0.0
2005-07-06,73.0,8.0,0.0
2005-07-07,74.0,9.0,0.0
2005-07-08,72.0,7.0,0.0
2005-07-09,71.0,6.0,0.0
2005-07-10,72.0,7.0,0.0
2005-07-12,77.0,12.0,0.0
2005-07-13,71.0,6.0,0.0
2005-07-14,74.0,9.0,0.0
2005-07-15,77.0,12.0,0.0
2005-07-16,78.0,13.0,0.0
2005-07-17,77.0,12.0,0.0
2005-07-18,81.0,16.0,0.0
2005-07-19,79.0,14.0,0.0
2005-07-20,77.0,12.0,0.0
2005-07-21,82.0,17.0,0.0
2005-07-22,77.0,12.0,0.0
2005-07-23,77.0,12.0,0.0
2005-07-24,81.0,16.0,0.0
2005-07-25,85.0,20.0,0.0
2005-07-26,85.0,20.0,0.0
2005-07-27,72.0,7.0,0.0
2005-07-28,68.0,3.0,0.0
2005-07-29,70.0,5.0,0.0
2005-07-30,72.0,7.0,0.0
2005-07-31,75.0,10.0,0.0
2005-08-01,78.0,13.0,0.0
2005-08-02,79.0,14.0,0.0
2005-08-03,81.0,16.0,0.0
2005-08-04,81.0,16.0,0.0
2005-08-05,75.0,10.0,0.0
2005-08-06,73.0,8.0,0.0
2005-08-07,75.0,10.0,0.0
2005-08-08,78.0,13.0,0.0
2005-08-09,78.0,13.0,0.0
2005-08-10,80.0,15.0,0.0
2005-08-11,80.0,15.0,0.0
2005-08-12,81.0,16.0,0.0
2005-08-13,83.0,18.0,0.0
2005-08-14,73.0,8.0,0.0
2005-08-15,68.0,3.0,0.0
2005-08-16,70.0,5.0,0.0
2005-08-17,71.0,6.0,0.0
2005-08-18,74.0,9.0,0.0
2005-08-19,80.0,15.0,0.0
2005-08-20,83.0,18.0,0.0
2005-08-21,76.0,11.0,0.0
2005-08-22,70.0,5.0,0.0
2005-08-23,66.0,1.0,0.0
2005-08-24,67.0,2.0,0.0
2005-08-25,72.0,7.0,0.0
2005-08-26,75.0,10.0,0.0
2005-08-27,76.0,11.0,0.0
2005-08-28,72.0,7.0,0.0
2005-08-29,74.0,9.0,0.0
2005-08-30,70.0,5.0,0.0
2005-08-31,72.0,7.0,0.0
2005-09-01,72.0,7.0,0.0
2005-09-02,71.0,6.0,0.0
2005-09-03,66.0,1.0,0.0
2005-09-04,67.0,2.0,0.0
2005-09-05,67.0,2.0,0.0
2005-09-06,69.0,4.0,0.0
2005-09-07,69.0,4.0,0.0
2005-09-08,71.0,6.0,0.0
2005-09-09,74.0,9.0,0.0
2005-09-10,75.0,10.0,0.0
2005-09-11,72.0,7.0,0.0
2005-09-12,72.0,7.0,0.0
2005-09-13,74.0,9.0,0.0
2005-09-14,73.0,8.0,0.0
2005-09-15,72.0,7.0,0.0
2005-09-16,68.0,3.0,0.0
2005-09-17,66.0,1.0,0.0
2005-09-18,67.0,2.0,0.0
2005-09-19,69.0,4.0,0.0
2005-09-20,70.0,5.0,0.0
2005-09-21,69.0,4.0,0.0
2005-09-22,74.0,9.0,0.0
2005-09-23,68.0,3.0,0.0
2005-09-24,70.0,5.0,0.0
2005-09-25,74.0,9.0,0.0
2005-09-26,67.0,2.0,0.0
2005-09-27,62.0,0.0,3.0
2005-09-28,65.0,0.0,0.0
2005-09-29,55.0,0.0,10.0
2005-09-30,55.0,0.0,10.0
2005-10-01,61.0,0.0,4.0
2005-10-02,70.0,5.0,0.0
2005-10-03,72.0,7.0,0.0
2005-10-04,70.0,5.0,0.0
2005-10-05,69.0,4.0,0.0
2005-10-06,69.0,4.0,0.0
2005-10-07,52.0,0.0,13.0
2005-10-08,50.0,0.0,15.0
2005-10-09,51.0,0.0,14.0
2005-10-10,56.0,0.0,9.0
2005-10-11,61.0,0.0,4.0
2005-10-12,60.0,0.0,5.0
2005-10-13,62.0,0.0,3.0
2005-10-14,62.0,0.0,3.0
2005-10-15,57.0,0.0,8.0
2005-10-16,52.0,0.0,13.0
2005-10-17,53.0,0.0,12.0
2005-10-18,60.0,0.0,5.0
2005-10-19,63.0,0.0,2.0
2005-10-20,49.0,0.0,16.0
2005-10-21,46.0,0.0,19.0
2005-10-22,49.0,0.0,16.0
2005-10-23,44.0,0.0,21.0
2005-10-24,40.0,0.0,25.0
2005-10-25,45.0,0.0,20.0
2005-10-26,42.0,0.0,23.0
2005-10-27,45.0,0.0,20.0
2005-10-28,40.0,0.0,25.0
2005-10-29,42.0,0.0,23.0
2005-10-30,47.0,0.0,18.0
2005-10-31,56.0,0.0,9.0
2005-11-01,47.0,0.0,18.0
2005-11-02,50.0,0.0,15.0
2005-11-03,58.0,0.0,7.0
2005-11-04,60.0,0.0,5.0
2005-11-05,65.0,0.0,0.0
2005-11-06,52.0,0.0,13.0
2005-11-07,47.0,0.0,18.0
2005-11-08,57.0,0.0,8.0
2005-11-09,58.0,0.0,7.0
2005-11-10,41.0,0.0,24.0
2005-11-11,42.0,0.0,23.0
2005-11-12,53.0,0.0,12.0
2005-11-13,54.0,0.0,11.0
2005-11-14,43.0,0.0,22.0
2005-11-15,58.0,0.0,7.0
2005-11-16,38.0,0.0,27.0
2005-11-17,23.0,0.0,42.0
2005-11-18,27.0,0.0,38.0
2005-11-19,41.0,0.0,24.0
2005-11-20,45.0,0.0,20.0
2005-11-21,39.0,0.0,26.0
2005-11-22,32.0,0.0,33.0
2005-11-23,31.0,0.0,34.0
2005-11-24,26.0,0.0,39.0
2005-11-25,20.0,0.0,45.0
2005-11-26,38.0,0.0,27.0
2005-11-27,50.0,0.0,15.0
2005-11-28,58.0,0.0,7.0
2005-11-29,40.0,0.0,25.0
2005-11-30,28.0,0.0,37.0
2005-12-01,28.0,0.0,37.0
2005-12-02,21.0,0.0,44.0
2005-12-03,24.0,0.0,41.0
2005-12-04,27.0,0.0,38.0
2005-12-05,19.0,0.0,46.0
2005-12-06,17.0,0.0,48.0
2005-12-07,17.0,0.0,48.0
2005-12-08,20.0,0.0,45.0
2005-12-09,19.0,0.0,46.0
2005-12-10,23.0,0.0,42.0
2005-12-11,30.0,0.0,35.0
2005-12-12,18.0,0.0,47.0
2005-12-13,20.0,0.0,45.0
2005-12-14,28.0,0.0,37.0
2005-12-15,32.0,0.0,33.0
2005-12-16,25.0,0.0,40.0
2005-12-17,22.0,0.0,43.0
2005-12-18,18.0,0.0,47.0
2005-12-19,7.0,0.0,58.0
2005-12-20,10.0,0.0,55.0
2005-12-21,23.0,0.0,42.0
2005-12-22,28.0,0.0,37.0
2005-12-23,37.0,0.0,28.0
2005-12-24,41.0,0.0,24.0
2005-12-25,38.0,0.0,27.0
2005-12-26,34.0,0.0,31.0
2005-12-27,40.0,0.0,25.0
2005-12-28,49.0,0.0,16.0
2005-12-29,36.0,0.0,29.0
2005-12-30,37.0,0.0,28.0
2006-01-01,38.0,0.0,27.0
2006-01-02,51.0,0.0,14.0
2006-01-03,44.0,0.0,21.0
2006-01-04,44.0,0.0,21.0
2006-01-05,35.0,0.0,30.0
2006-01-06,29.0,0.0,36.0
2006-01-07,34.0,0.0,31.0
2006-01-08,43.0,0.0,22.0
2006-01-09,45.0,0.0,20.0
2006-01-10,41.0,0.0,24.0
2006-01-11,42.0,0.0,23.0
2006-01-12,45.0,0.0,20.0
2006-01-13,45.0,0.0,20.0
2006-01-14,32.0,0.0,33.0
2006-01-15,32.0,0.0,33.0
2006-01-16,41.0,0.0,24.0
2006-01-17,42.0,0.0,23.0
2006-01-18,28.0,0.0,37.0
2006-01-19,43.0,0.0,22.0
2006-01-20,53.0,0.0,12.0
2006-01-21,40.0,0.0,25.0
2006-01-22,32.0,0.0,33.0
2006-01-23,35.0,0.0,30.0
2006-01-24,37.0,0.0,28.0
2006-01-25,31.0,0.0,34.0
2006-01-26,31.0,0.0,34.0
2006-01-27,35.0,0.0,30.0
2006-01-28,49.0,0.0,16.0
2006-01-29,49.0,0.0,16.0
2006-01-30,40.0,0.0,25.0
2006-01-31,33.0,0.0,32.0
2006-02-01,40.0,0.0,25.0
2006-02-02,39.0,0.0,26.0
2006-02-03,42.0,0.0,23.0
2006-02-04,37.0,0.0,28.0
2006-02-05,26.0,0.0,39.0
2006-02-06,26.0,0.0,39.0
2006-02-07,25.0,0.0,40.0
2006-02-08,25.0,0.0,40.0
2006-02-09,21.0,0.0,44.0
2006-02-10,31.0,0.0,34.0
2006-02-11,30.0,0.0,35.0
2006-02-12,26.0,0.0,39.0
2006-02-13,27.0,0.0,38.0
2006-02-14,39.0,0.0,26.0
2006-02-15,47.0,0.0,18.0
2006-02-16,56.0,0.0,9.0
2006-02-17,40.0,0.0,25.0
2006-02-18,16.0,0.0,49.0
2006-02-19,13.0,0.0,52.0
2006-02-20,22.0,0.0,43.0
2006-02-21,33.0,0.0,32.0
2006-02-22,34.0,0.0,31.0
2006-02-23,38.0,0.0,27.0
2006-02-24,32.0,0.0,33.0
2006-02-25,34.0,0.0,31.0
2006-02-26,23.0,0.0,42.0
2006-02-27,34.0,0.0,31.0
2006-02-28,37.0,0.0,28.0
2006-03-01,40.0,0.0,25.0
2006-03-02,42.0,0.0,23.0
2006-03-03,28.0,0.0,37.0
2006-03-04,30.0,0.0,35.0
2006-03-05,31.0,0.0,34.0
2006-03-06,32.0,0.0,33.0
2006-03-07,32.0,0.0,33.0
2006-03-08,42.0,0.0,23.0
2006-03-09,54.0,0.0,11.0
2006-03-10,47.0,0.0,18.0
2006-03-11,46.0,0.0,19.0
2006-03-12,58.0,0.0,7.0
2006-03-13,53.0,0.0,12.0
2006-03-14,37.0,0.0,28.0
2006-03-15,38.0,0.0,27.0
2006-03-16,39.0,0.0,26.0
2006-03-17,35.0,0.0,30.0
2006-03-18,32.0,0.0,33.0
2006-03-19,33.0,0.0,32.0
2006-03-20,34.0,0.0,31.0
2006-03-21,25.0,0.0,40.0
2006-03-22,30.0,0.0,35.0
2006-03-23,33.0,0.0,32.0
2006-03-24,38.0,0.0,27.0
2006-03-25,36.0,0.0,29.0
2006-03-26,36.0,0.0,29.0
2006-03-27,39.0,0.0,26.0
2006-03-28,45.0,0.0,20.0
2006-03-29,47.0,0.0,18.0
2006-03-30,53.0,0.0,12.0
2006-03-31,59.0,0.0,6.0
2006-04-01,51.0,0.0,14.0
2006-04-02,55.0,0.0,10.0
2006-04-03,46.0,0.0,19.0
2006-04-04,44.0,0.0,21.0
2006-04-05,46.0,0.0,19.0
2006-04-06,49.0,0.0,16.0
2006-04-07,59.0,0.0,6.0
2006-04-08,39.0,0.0,26.0
2006-04-09,40.0,0.0,25.0
2006-04-10,50.0,0.0,15.0
2006-04-11,59.0,0.0,6.0
2006-04-12,69.0,4.0,0.0
2006-04-13,66.0,1.0,0.0
2006-04-14,68.0,3.0,0.0
2006-04-15,63.0,0.0,2.0
2006-04-16,61.0,0.0,4.0
2006-04-17,54.0,0.0,11.0
2006-04-18,53.0,0.0,12.0
2006-04-19,61.0,0.0,4.0
2006-04-20,63.0,0.0,2.0
2006-04-21,61.0,0.0,4.0
2006-04-22,61.0,0.0,4.0
2006-04-23,58.0,0.0,7.0
2006-04-24,56.0,0.0,9.0
2006-04-25,46.0,0.0,19.0
2006-04-26,45.0,0.0,20.0
2006-04-27,54.0,0.0,11.0
2006-04-28,53.0,0.0,12.0
2006-04-29,57.0,0.0,8.0
2006-04-30,59.0,0.0,6.0
2006-05-01,59.0,0.0,6.0
2006-05-02,59.0,0.0,6.0
2006-05-03,62.0,0.0,3.0
2006-05-04,64.0,0.0,1.0
2006-05-05,60.0,0.0,5.0
2006-05-06,53.0,0.0,12.0
2006-05-07,54.0,0.0,11.0
2006-05-08,55.0,0.0,10.0
2006-05-09,61.0,0.0,4.0
2006-05-10,63.0,0.0,2.0
2006-05-11,57.0,0.0,8.0
2006-05-12,46.0,0.0,19.0
2006-05-13,53.0,0.0,12.0
2006-05-14,48.0,0.0,17.0
2006-05-15,47.0,0.0,18.0
2006-05-16,57.0,0.0,8.0
2006-05-17,58.0,0.0,7.0
2006-05-18,50.0,0.0,15.0
2006-05-19,56.0,0.0,9.0
2006-05-20,54.0,0.0,11.0
2006-05-21,54.0,0.0,11.0
2006-05-22,51.0,0.0,14.0
2006-05-23,55.0,0.0,10.0
2006-05-24,62.0,0.0,3.0
2006-05-25,73.0,8.0,0.0
2006-05-26,69.0,4.0,0.0
2006-05-27,71.0,6.0,0.0
2006-05-28,75.0,10.0,0.0
2006-05-29,77.0,12.0,0.0
2006-05-30,78.0,13.0,0.0
2006-05-31,77.0,12.0,0.0
2006-06-01,75.0,10.0,0.0
2006-06-02,65.0,0.0,0.0
2006-06-03,65.0,0.0,0.0
2006-06-04,63.0,0.0,2.0
2006-06-05,64.0,0.0,1.0
2006-06-06,69.0,4.0,0.0
2006-06-07,69.0,4.0,0.0
2006-06-08,68.0,3.0,0.0
2006-06-09,68.0,3.0,0.0
2006-06-10,59.0,0.0,6.0
2006-06-11,60.0,0.0,5.0
2006-06-12,61.0,0.0,4.0
2006-06-13,63.0,0.0,2.0
2006-06-14,66.0,1.0,0.0
2006-06-15,67.0,2.0,0.0
2006-06-16,71.0,6.0,0.0
2006-06-17,74.0,9.0,0.0
2006-06-18,76.0,11.0,0.0
2006-06-19,73.0,8.0,0.0
2006-06-20,71.0,6.0,0.0
2006-06-21,76.0,11.0,0.0
2006-06-22,78.0,13.0,0.0
2006-06-23,71.0,6.0,0.0
2006-06-24,71.0,6.0,0.0
2006-06-25,71.0,6.0,0.0
2006-06-26,70.0,5.0,0.0
2006-06-27,71.0,6.0,0.0
2006-06-28,71.0,6.0,0.0
2006-06-29,67.0,2.0,0.0
2006-06-30,70.0,5.0,0.0
2006-07-01,77.0,12.0,0.0
2006-07-02,82.0,17.0,0.0
2006-07-03,80.0,15.0,0.0
2006-07-04,75.0,10.0,0.0
2006-07-05,67.0,2.0,0.0
2006-07-06,65.0,0.0,0.0
2006-07-07,66.0,1.0,0.0
2006-07-08,68.0,3.0,0.0
2006-07-09,73.0,8.0,0.0
2006-07-10,78.0,13.0,0.0
2006-07-11,75.0,10.0,0.0
2006-07-12,76.0,11.0,0.0
2006-07-13,79.0,14.0,0.0
2006-07-14,79.0,14.0,0.0
2006-07-15,80.0,15.0,0.0
2006-07-16,80.0,15.0,0.0
2006-07-17,81.0,16.0,0.0
2006-07-18,78.0,13.0,0.0
2006-07-19,79.0,14.0,0.0
2006-07-20,79.0,14.0,0.0
2006-07-21,76.0,11.0,0.0
2006-07-22,71.0,6.0,0.0
2006-07-23,69.0,4.0,0.0
2006-07-24,73.0,8.0,0.0
2006-07-25,75.0,10.0,0.0
2006-07-26,78.0,13.0,0.0
2006-07-27,74.0,9.0,0.0
2006-07-28,76.0,11.0,0.0
2006-07-29,79.0,14.0,0.0
2006-07-30,81.0,16.0,0.0
2006-07-31,83.0,18.0,0.0
2006-08-01,84.0,19.0,0.0
2006-08-02,83.0,18.0,0.0
2006-08-03,79.0,14.0,0.0
2006-08-04,75.0,10.0,0.0
2006-08-05,74.0,9.0,0.0
2006-08-06,76.0,11.0,0.0
2006-08-07,79.0,14.0,0.0
2006-08-08,73.0,8.0,0.0
2006-08-09,72.0,7.0,0.0
2006-08-10,73.0,8.0,0.0
2006-08-11,71.0,6.0,0.0
2006-08-12,68.0,3.0,0.0
2006-08-13,71.0,6.0,0.0
2006-08-14,73.0,8.0,0.0
2006-08-15,72.0,7.0,0.0
2006-08-16,70.0,5.0,0.0
2006-08-17,72.0,7.0,0.0
2006-08-18,78.0,13.0,0.0
2006-08-19,79.0,14.0,0.0
2006-08-20,69.0,4.0,0.0
2006-08-21,68.0,3.0,0.0
2006-08-22,70.0,5.0,0.0
2006-08-23,73.0,8.0,0.0
2006-08-24,74.0,9.0,0.0
2006-08-25,77.0,12.0,0.0
2006-08-26,77.0,12.0,0.0
2006-08-27,76.0,11.0,0.0
2006-08-28,74.0,9.0,0.0
2006-08-29,72.0,7.0,0.0
2006-08-30,69.0,4.0,0.0
2006-08-31,69.0,4.0,0.0
2006-09-01,65.0,0.0,0.0
2006-09-02,62.0,0.0,3.0
2006-09-03,61.0,0.0,4.0
2006-09-04,64.0,0.0,1.0
2006-09-05,64.0,0.0,1.0
2006-09-06,65.0,0.0,0.0
2006-09-07,67.0,2.0,0.0
2006-09-08,68.0,3.0,0.0
2006-09-09,70.0,5.0,0.0
2006-09-10,70.0,5.0,0.0
2006-09-11,69.0,4.0,0.0
2006-09-12,66.0,1.0,0.0
2006-09-13,65.0,0.0,0.0
2006-09-14,66.0,1.0,0.0
2006-09-15,64.0,0.0,1.0
2006-09-16,65.0,0.0,0.0
2006-09-17,69.0,4.0,0.0
2006-09-18,64.0,0.0,1.0
2006-09-19,56.0,0.0,9.0
2006-09-20,52.0,0.0,13.0
2006-09-21,53.0,0.0,12.0
2006-09-22,59.0,0.0,6.0
2006-09-23,67.0,2.0,0.0
2006-09-24,59.0,0.0,6.0
2006-09-25,56.0,0.0,9.0
2006-09-26,59.0,0.0,6.0
2006-09-27,65.0,0.0,0.0
2006-09-28,54.0,0.0,11.0
2006-09-29,50.0,0.0,15.0
2006-09-30,58.0,0.0,7.0
2006-10-01,59.0,0.0,6.0
2006-10-02,65.0,0.0,0.0
2006-10-03,70.0,5.0,0.0
2006-10-04,70.0,5.0,0.0
2006-10-05,50.0,0.0,15.0
2006-10-06,51.0,0.0,14.0
2006-10-07,53.0,0.0,12.0
2006-10-08,60.0,0.0,5.0
2006-10-09,64.0,0.0,1.0
2006-10-10,63.0,0.0,2.0
2006-10-11,56.0,0.0,9.0
2006-10-12,39.0,0.0,26.0
2006-10-13,42.0,0.0,23.0
2006-10-14,43.0,0.0,22.0
2006-10-15,42.0,0.0,23.0
2006-10-16,52.0,0.0,13.0
2006-10-17,57.0,0.0,8.0
2006-10-18,59.0,0.0,6.0
2006-10-19,52.0,0.0,13.0
2006-10-20,44.0,0.0,21.0
2006-10-21,47.0,0.0,18.0
2006-10-22,44.0,0.0,21.0
2006-10-23,37.0,0.0,28.0
2006-10-24,40.0,0.0,25.0
2006-10-25,38.0,0.0,27.0
2006-10-26,40.0,0.0,25.0
2006-10-27,45.0,0.0,20.0
2006-10-28,44.0,0.0,21.0
2006-10-29,47.0,0.0,18.0
2006-10-30,54.0,0.0,11.0
2006-10-31,49.0,0.0,16.0
2006-11-01,38.0,0.0,27.0
2006-11-02,31.0,0.0,34.0
2006-11-03,29.0,0.0,36.0
2006-11-04,35.0,0.0,30.0
2006-11-05,47.0,0.0,18.0
2006-11-06,49.0,0.0,16.0
2006-11-07,50.0,0.0,15.0
2006-11-08,49.0,0.0,16.0
2006-11-09,55.0,0.0,10.0
2006-11-10,56.0,0.0,9.0
2006-11-11,52.0,0.0,13.0
2006-11-12,37.0,0.0,28.0
2006-11-13,39.0,0.0,26.0
2006-11-14,39.0,0.0,26.0
2006-11-15,43.0,0.0,22.0
2006-11-16,46.0,0.0,19.0
2006-11-17,39.0,0.0,26.0
2006-11-18,41.0,0.0,24.0
2006-11-19,37.0,0.0,28.0
2006-11-20,33.0,0.0,32.0
2006-11-21,34.0,0.0,31.0
2006-11-22,39.0,0.0,26.0
2006-11-23,42.0,0.0,23.0
2006-11-24,45.0,0.0,20.0
2006-11-25,49.0,0.0,16.0
2006-11-26,53.0,0.0,12.0
2006-11-27,54.0,0.0,11.0
2006-11-28,53.0,0.0,12.0
2006-11-29,60.0,0.0,5.0
2006-11-30,54.0,0.0,11.0
2006-12-01,44.0,0.0,21.0
2006-12-02,29.0,0.0,36.0
2006-12-03,25.0,0.0,40.0
2006-12-04,20.0,0.0,45.0
2006-12-05,26.0,0.0,39.0
2006-12-06,36.0,0.0,29.0
2006-12-07,20.0,0.0,45.0
2006-12-08,16.0,0.0,49.0
2006-12-09,29.0,0.0,36.0
2006-12-10,41.0,0.0,24.0
2006-12-11,45.0,0.0,20.0
2006-12-12,47.0,0.0,18.0
2006-12-13,47.0,0.0,18.0
2006-12-14,49.0,0.0,16.0
2006-12-15,41.0,0.0,24.0
2006-12-16,42.0,0.0,23.0
2006-12-17,56.0,0.0,9.0
2006-12-18,45.0,0.0,20.0
2006-12-19,33.0,0.0,32.0
2006-12-20,36.0,0.0,29.0
2006-12-21,46.0,0.0,19.0
2006-12-22,48.0,0.0,17.0
2006-12-23,37.0,0.0,28.0
2006-12-24,38.0,0.0,27.0
2006-12-25,38.0,0.0,27.0
2006-12-26,35.0,0.0,30.0
2006-12-27,35.0,0.0,30.0
2006-12-28,42.0,0.0,23.0
2006-12-29,43.0,0.0,22.0
2006-12-30,44.0,0.0,21.0
2006-12-31,50.0,0.0,15.0
2007-01-01,42.0,0.0,23.0
2007-01-02,34.0,0.0,31.0
2007-01-03,39.0,0.0,26.0
2007-01-04,48.0,0.0,17.0
2007-01-05,58.0,0.0,7.0
2007-01-06,44.0,0.0,21.0
2007-01-07,36.0,0.0,29.0
2007-01-08,35.0,0.0,30.0
2007-01-09,32.0,0.0,33.0
2007-01-10,28.0,0.0,37.0
2007-01-11,37.0,0.0,28.0
2007-01-12,47.0,0.0,18.0
2007-01-13,46.0,0.0,19.0
2007-01-14,39.0,0.0,26.0
2007-01-15,43.0,0.0,22.0
2007-01-16,25.0,0.0,40.0
2007-01-17,23.0,0.0,42.0
2007-01-18,30.0,0.0,35.0
2007-01-19,30.0,0.0,35.0
2007-01-20,25.0,0.0,40.0
2007-01-21,28.0,0.0,37.0
2007-01-22,31.0,0.0,34.0
2007-01-23,29.0,0.0,36.0
2007-01-24,27.0,0.0,38.0
2007-01-25,21.0,0.0,44.0
2007-01-26,26.0,0.0,39.0
2007-01-27,32.0,0.0,33.0
2007-01-28,19.0,0.0,46.0
2007-01-29,19.0,0.0,46.0
2007-01-30,19.0,0.0,46.0
2007-01-31,15.0,0.0,50.0
2007-02-01,24.0,0.0,41.0
2007-02-02,17.0,0.0,48.0
2007-02-03,14.0,0.0,51.0
2007-02-04,6.0,0.0,59.0
2007-02-05,1.0,0.0,64.0
2007-02-06,4.0,0.0,61.0
2007-02-07,7.0,0.0,58.0
2007-02-08,6.0,0.0,59.0
2007-02-09,10.0,0.0,55.0
2007-02-10,8.0,0.0,57.0
2007-02-11,15.0,0.0,50.0
2007-02-12,28.0,0.0,37.0
2007-02-13,23.0,0.0,42.0
2007-02-14,9.0,0.0,56.0
2007-02-15,7.0,0.0,58.0
2007-02-16,6.0,0.0,59.0
2007-02-17,22.0,0.0,43.0
2007-02-18,14.0,0.0,51.0
2007-02-19,24.0,0.0,41.0
2007-02-20,36.0,0.0,29.0
2007-02-21,32.0,0.0,33.0
2007-02-22,32.0,0.0,33.0
2007-02-23,22.0,0.0,43.0
2007-02-24,26.0,0.0,39.0
2007-02-25,40.0,0.0,25.0
2007-02-26,32.0,0.0,33.0
2007-02-27,28.0,0.0,37.0
2007-02-28,29.0,0.0,36.0
2007-03-01,43.0,0.0,22.0
2007-03-02,39.0,0.0,26.0
2007-03-03,28.0,0.0,37.0
2007-03-04,25.0,0.0,40.0
2007-03-05,30.0,0.0,35.0
2007-03-06,20.0,0.0,45.0
2007-03-07,26.0,0.0,39.0
2007-03-08,29.0,0.0,36.0
2007-03-09,44.0,0.0,21.0
2007-03-10,47.0,0.0,18.0
2007-03-11,41.0,0.0,24.0
2007-03-12,45.0,0.0,20.0
2007-03-13,63.0,0.0,2.0
2007-03-14,65.0,0.0,0.0
2007-03-15,46.0,0.0,19.0
2007-03-16,30.0,0.0,35.0
2007-03-17,31.0,0.0,34.0
2007-03-18,31.0,0.0,34.0
2007-03-19,41.0,0.0,24.0
2007-03-20,42.0,0.0,23.0
2007-03-21,55.0,0.0,10.0
2007-03-22,61.0,0.0,4.0
2007-03-23,60.0,0.0,5.0
2007-03-24,65.0,0.0,0.0
2007-03-25,67.0,2.0,0.0
2007-03-26,67.0,2.0,0.0
2007-03-27,70.0,5.0,0.0
2007-03-28,56.0,0.0,9.0
2007-03-29,56.0,0.0,9.0
2007-03-30,60.0,0.0,5.0
2007-03-31,58.0,0.0,7.0
2007-04-01,65.0,0.0,0.0
2007-04-02,62.0,0.0,3.0
2007-04-03,65.0,0.0,0.0
2007-04-04,43.0,0.0,22.0
2007-04-05,31.0,0.0,34.0
2007-04-06,27.0,0.0,38.0
2007-04-07,27.0,0.0,38.0
2007-04-08,31.0,0.0,34.0
2007-04-09,36.0,0.0,29.0
2007-04-10,38.0,0.0,27.0
2007-04-11,45.0,0.0,20.0
2007-04-12,42.0,0.0,23.0
2007-04-13,43.0,0.0,22.0
2007-04-14,37.0,0.0,28.0
2007-04-15,42.0,0.0,23.0
2007-04-16,44.0,0.0,21.0
2007-04-17,51.0,0.0,14.0
2007-04-18,50.0,0.0,15.0
2007-04-19,48.0,0.0,17.0
2007-04-20,52.0,0.0,13.0
2007-04-21,58.0,0.0,7.0
2007-04-22,64.0,0.0,1.0
2007-04-23,69.0,4.0,0.0
2007-04-24,61.0,0.0,4.0
2007-04-25,54.0,0.0,11.0
2007-04-26,60.0,0.0,5.0
2007-04-27,53.0,0.0,12.0
2007-04-28,59.0,0.0,6.0
2007-04-29,63.0,0.0,2.0
2007-04-30,73.0,8.0,0.0
2007-05-01,69.0,4.0,0.0
2007-05-02,61.0,0.0,4.0
2007-05-03,60.0,0.0,5.0
2007-05-04,62.0,0.0,3.0
2007-05-05,64.0,0.0,1.0
2007-05-06,57.0,0.0,8.0
2007-05-07,60.0,0.0,5.0
2007-05-08,66.0,1.0,0.0
2007-05-09,71.0,6.0,0.0
2007-05-10,70.0,5.0,0.0
2007-05-11,71.0,6.0,0.0
2007-05-12,66.0,1.0,0.0
2007-05-13,55.0,0.0,10.0
2007-05-14,63.0,0.0,2.0
2007-05-15,74.0,9.0,0.0
2007-05-16,56.0,0.0,9.0
2007-05-17,49.0,0.0,16.0
2007-05-18,52.0,0.0,13.0
2007-05-19,57.0,0.0,8.0
2007-05-20,66.0,1.0,0.0
2007-05-21,64.0,0.0,1.0
2007-05-22,71.0,6.0,0.0
2007-05-23,72.0,7.0,0.0
2007-05-24,73.0,8.0,0.0
2007-05-25,75.0,10.0,0.0
2007-05-26,72.0,7.0,0.0
2007-05-27,71.0,6.0,0.0
2007-05-28,71.0,6.0,0.0
2007-05-29,72.0,7.0,0.0
2007-05-30,77.0,12.0,0.0
2007-05-31,74.0,9.0,0.0
2007-06-01,77.0,12.0,0.0
2007-06-02,77.0,12.0,0.0
2007-06-03,73.0,8.0,0.0
2007-06-04,68.0,3.0,0.0
2007-06-05,64.0,0.0,1.0
2007-06-06,63.0,0.0,2.0
2007-06-07,77.0,12.0,0.0
2007-06-08,75.0,10.0,0.0
2007-06-09,64.0,0.0,1.0
2007-06-10,65.0,0.0,0.0
2007-06-11,68.0,3.0,0.0
2007-06-12,71.0,6.0,0.0
2007-06-13,74.0,9.0,0.0
2007-06-14,74.0,9.0,0.0
2007-06-15,71.0,6.0,0.0
2007-06-16,74.0,9.0,0.0
2007-06-17,80.0,15.0,0.0
2007-06-18,83.0,18.0,0.0
2007-06-19,73.0,8.0,0.0
2007-06-20,69.0,4.0,0.0
2007-06-21,73.0,8.0,0.0
2007-06-22,67.0,2.0,0.0
2007-06-23,66.0,1.0,0.0
2007-06-24,68.0,3.0,0.0
2007-06-25,75.0,10.0,0.0
2007-06-26,80.0,15.0,0.0
2007-06-27,79.0,14.0,0.0
2007-06-28,77.0,12.0,0.0
2007-06-29,69.0,4.0,0.0
2007-06-30,66.0,1.0,0.0
2007-07-01,68.0,3.0,0.0
2007-07-02,63.0,0.0,2.0
2007-07-03,70.0,5.0,0.0
2007-07-04,74.0,9.0,0.0
2007-07-05,77.0,12.0,0.0
2007-07-06,73.0,8.0,0.0
2007-07-07,75.0,10.0,0.0
2007-07-08,77.0,12.0,0.0
2007-07-09,79.0,14.0,0.0
2007-07-10,75.0,10.0,0.0
2007-07-11,71.0,6.0,0.0
2007-07-12,68.0,3.0,0.0
2007-07-13,71.0,6.0,0.0
2007-07-14,72.0,7.0,0.0
2007-07-15,74.0,9.0,0.0
2007-07-16,71.0,6.0,0.0
2007-07-17,73.0,8.0,0.0
2007-07-18,75.0,10.0,0.0
2007-07-19,74.0,9.0,0.0
2007-07-20,65.0,0.0,0.0
2007-07-21,65.0,0.0,0.0
2007-07-22,65.0,0.0,0.0
2007-07-23,68.0,3.0,0.0
2007-07-24,70.0,5.0,0.0
2007-07-25,70.0,5.0,0.0
2007-07-26,71.0,6.0,0.0
2007-07-27,75.0,10.0,0.0
2007-07-28,74.0,9.0,0.0
2007-07-29,74.0,9.0,0.0
2007-07-30,75.0,10.0,0.0
2007-07-31,73.0,8.0,0.0
2007-08-01,77.0,12.0,0.0
2007-08-02,79.0,14.0,0.0
2007-08-03,80.0,15.0,0.0
2007-08-04,78.0,13.0,0.0
2007-08-05,81.0,16.0,0.0
2007-08-06,82.0,17.0,0.0
2007-08-07,85.0,20.0,0.0
2007-08-08,86.0,21.0,0.0
2007-08-09,85.0,20.0,0.0
2007-08-10,78.0,13.0,0.0
2007-08-11,75.0,10.0,0.0
2007-08-12,78.0,13.0,0.0
2007-08-13,75.0,10.0,0.0
2007-08-14,69.0,4.0,0.0
2007-08-15,76.0,11.0,0.0
2007-08-16,78.0,13.0,0.0
2007-08-17,72.0,7.0,0.0
2007-08-18,65.0,0.0,0.0
2007-08-19,75.0,10.0,0.0
2007-08-20,81.0,16.0,0.0
2007-08-21,77.0,12.0,0.0
2007-08-22,83.0,18.0,0.0
2007-08-23,84.0,19.0,0.0
2007-08-24,83.0,18.0,0.0
2007-08-25,74.0,9.0,0.0
2007-08-26,70.0,5.0,0.0
2007-08-27,71.0,6.0,0.0
2007-08-28,77.0,12.0,0.0
2007-08-29,82.0,17.0,0.0
2007-08-30,71.0,6.0,0.0
2007-08-31,65.0,0.0,0.0
2007-09-01,67.0,2.0,0.0
2007-09-02,70.0,5.0,0.0
2007-09-03,74.0,9.0,0.0
2007-09-04,75.0,10.0,0.0
2007-09-05,78.0,13.0,0.0
2007-09-06,78.0,13.0,0.0
2007-09-07,79.0,14.0,0.0
2007-09-08,77.0,12.0,0.0
2007-09-09,74.0,9.0,0.0
2007-09-10,71.0,6.0,0.0
2007-09-11,66.0,1.0,0.0
2007-09-12,60.0,0.0,5.0
2007-09-13,64.0,0.0,1.0
2007-09-14,67.0,2.0,0.0
2007-09-15,53.0,0.0,12.0
2007-09-16,55.0,0.0,10.0
2007-09-17,61.0,0.0,4.0
2007-09-18,67.0,2.0,0.0
2007-09-19,72.0,7.0,0.0
2007-09-20,73.0,8.0,0.0
2007-09-21,73.0,8.0,0.0
2007-09-22,73.0,8.0,0.0
2007-09-23,71.0,6.0,0.0
2007-09-24,75.0,10.0,0.0
2007-09-25,77.0,12.0,0.0
2007-09-26,69.0,4.0,0.0
2007-09-27,64.0,0.0,1.0
2007-09-28,63.0,0.0,2.0
2007-09-29,61.0,0.0,4.0
2007-09-30,65.0,0.0,0.0
2007-10-01,66.0,1.0,0.0
2007-10-02,68.0,3.0,0.0
2007-10-03,67.0,2.0,0.0
2007-10-04,72.0,7.0,0.0
2007-10-05,74.0,9.0,0.0
2007-10-06,75.0,10.0,0.0
2007-10-07,77.0,12.0,0.0
2007-10-08,77.0,12.0,0.0
2007-10-09,66.0,1.0,0.0
2007-10-10,50.0,0.0,15.0
2007-10-11,50.0,0.0,15.0
2007-10-12,47.0,0.0,18.0
2007-10-13,50.0,0.0,15.0
2007-10-14,58.0,0.0,7.0
2007-10-15,65.0,0.0,0.0
2007-10-16,63.0,0.0,2.0
2007-10-17,65.0,0.0,0.0
2007-10-18,71.0,6.0,0.0
2007-10-19,62.0,0.0,3.0
2007-10-20,60.0,0.0,5.0
2007-10-21,66.0,1.0,0.0
2007-10-22,62.0,0.0,3.0
2007-10-23,55.0,0.0,10.0
2007-10-24,47.0,0.0,18.0
2007-10-25,54.0,0.0,11.0
2007-10-26,62.0,0.0,3.0
2007-10-27,49.0,0.0,16.0
2007-10-28,44.0,0.0,21.0
2007-10-29,45.0,0.0,20.0
2007-10-30,49.0,0.0,16.0
2007-10-31,53.0,0.0,12.0
2007-11-01,46.0,0.0,19.0
2007-11-02,44.0,0.0,21.0
2007-11-03,45.0,0.0,20.0
2007-11-04,45.0,0.0,20.0
2007-11-05,50.0,0.0,15.0
2007-11-06,38.0,0.0,27.0
2007-11-07,38.0,0.0,27.0
2007-11-08,41.0,0.0,24.0
2007-11-09,44.0,0.0,21.0
2007-11-10,39.0,0.0,26.0
2007-11-11,41.0,0.0,24.0
2007-11-12,56.0,0.0,9.0
2007-11-13,53.0,0.0,12.0
2007-11-14,56.0,0.0,9.0
2007-11-15,40.0,0.0,25.0
2007-11-16,34.0,0.0,31.0
2007-11-17,42.0,0.0,23.0
2007-11-18,40.0,0.0,25.0
2007-11-19,48.0,0.0,17.0
2007-11-20,60.0,0.0,5.0
2007-11-21,61.0,0.0,4.0
2007-11-22,47.0,0.0,18.0
2007-11-23,32.0,0.0,33.0
2007-11-24,31.0,0.0,34.0
2007-11-25,34.0,0.0,31.0
2007-11-26,39.0,0.0,26.0
2007-11-27,35.0,0.0,30.0
2007-11-28,35.0,0.0,30.0
2007-11-29,37.0,0.0,28.0
2007-11-30,35.0,0.0,30.0
2007-12-01,26.0,0.0,39.0
2007-12-02,44.0,0.0,21.0
2007-12-03,29.0,0.0,36.0
2007-12-04,30.0,0.0,35.0
2007-12-05,22.0,0.0,43.0
2007-12-06,17.0,0.0,48.0
2007-12-07,29.0,0.0,36.0
2007-12-08,34.0,0.0,31.0
2007-12-09,33.0,0.0,32.0
2007-12-10,34.0,0.0,31.0
2007-12-11,49.0,0.0,16.0
2007-12-12,39.0,0.0,26.0
2007-12-13,37.0,0.0,28.0
2007-12-14,31.0,0.0,34.0
2007-12-15,31.0,0.0,34.0
2007-12-16,25.0,0.0,40.0
2007-12-17,17.0,0.0,48.0
2007-12-18,30.0,0.0,35.0
2007-12-19,31.0,0.0,34.0
2007-12-20,29.0,0.0,36.0
2007-12-21,40.0,0.0,25.0
2007-12-22,50.0,0.0,15.0
2007-12-23,41.0,0.0,24.0
2007-12-24,30.0,0.0,35.0
2007-12-25,34.0,0.0,31.0
2007-12-26,35.0,0.0,30.0
2007-12-27,35.0,0.0,30.0
2007-12-28,39.0,0.0,26.0
2007-12-29,33.0,0.0,32.0
2007-12-30,30.0,0.0,35.0
2007-12-31,37.0,0.0,28.0
2008-01-01,26.0,0.0,39.0
2008-01-02,11.0,0.0,54.0
2008-01-03,12.0,0.0,53.0
2008-01-04,27.0,0.0,38.0
2008-01-05,39.0,0.0,26.0
2008-01-06,51.0,0.0,14.0
2008-01-07,61.0,0.0,4.0
2008-01-08,57.0,0.0,8.0
2008-01-09,43.0,0.0,22.0
2008-01-10,43.0,0.0,22.0
2008-01-11,41.0,0.0,24.0
2008-01-12,36.0,0.0,29.0
2008-01-13,34.0,0.0,31.0
2008-01-14,26.0,0.0,39.0
2008-01-15,21.0,0.0,44.0
2008-01-16,24.0,0.0,41.0
2008-01-17,38.0,0.0,27.0
2008-01-18,26.0,0.0,39.0
2008-01-19,16.0,0.0,49.0
2008-01-20,8.0,0.0,57.0
2008-01-21,18.0,0.0,47.0
2008-01-22,22.0,0.0,43.0
2008-01-23,19.0,0.0,46.0
2008-01-24,15.0,0.0,50.0
2008-01-25,11.0,0.0,54.0
2008-01-26,26.0,0.0,39.0
2008-01-27,30.0,0.0,35.0
2008-01-28,36.0,0.0,29.0
2008-01-29,38.0,0.0,27.0
2008-01-30,16.0,0.0,49.0
2008-01-31,21.0,0.0,44.0
2008-02-01,33.0,0.0,32.0
2008-02-02,33.0,0.0,32.0
2008-02-03,31.0,0.0,34.0
2008-02-04,46.0,0.0,19.0
2008-02-05,56.0,0.0,9.0
2008-02-06,47.0,0.0,18.0
2008-02-07,31.0,0.0,34.0
2008-02-08,37.0,0.0,28.0
2008-02-09,39.0,0.0,26.0
2008-02-10,19.0,0.0,46.0
2008-02-11,10.0,0.0,55.0
2008-02-12,24.0,0.0,41.0
2008-02-13,19.0,0.0,46.0
2008-02-14,24.0,0.0,41.0
2008-02-15,29.0,0.0,36.0
2008-02-16,29.0,0.0,36.0
2008-02-17,48.0,0.0,17.0
2008-02-18,29.0,0.0,36.0
2008-02-19,16.0,0.0,49.0
2008-02-20,13.0,0.0,52.0
2008-02-21,9.0,0.0,56.0
2008-02-22,25.0,0.0,40.0
2008-02-23,25.0,0.0,40.0
2008-02-24,23.0,0.0,42.0
2008-02-25,31.0,0.0,34.0
2008-02-26,28.0,0.0,37.0
2008-02-27,19.0,0.0,46.0
2008-02-28,17.0,0.0,48.0
2008-02-29,33.0,0.0,32.0
2008-03-01,34.0,0.0,31.0
2008-03-02,43.0,0.0,22.0
2008-03-03,51.0,0.0,14.0
2008-03-04,34.0,0.0,31.0
2008-03-05,28.0,0.0,37.0
2008-03-06,34.0,0.0,31.0
2008-03-07,26.0,0.0,39.0
2008-03-08,17.0,0.0,48.0
2008-03-09,23.0,0.0,42.0
2008-03-10,38.0,0.0,27.0
2008-03-11,32.0,0.0,33.0
2008-03-12,38.0,0.0,27.0
2008-03-13,47.0,0.0,18.0
2008-03-14,41.0,0.0,24.0
2008-03-15,37.0,0.0,28.0
2008-03-16,38.0,0.0,27.0
2008-03-17,36.0,0.0,29.0
2008-03-18,47.0,0.0,18.0
2008-03-19,44.0,0.0,21.0
2008-03-20,39.0,0.0,26.0
2008-03-21,41.0,0.0,24.0
2008-03-22,35.0,0.0,30.0
2008-03-23,32.0,0.0,33.0
2008-03-24,33.0,0.0,32.0
2008-03-25,40.0,0.0,25.0
2008-03-26,46.0,0.0,19.0
2008-03-27,43.0,0.0,22.0
2008-03-28,36.0,0.0,29.0
2008-03-29,35.0,0.0,30.0
2008-03-30,42.0,0.0,23.0
2008-03-31,53.0,0.0,12.0
2008-04-01,46.0,0.0,19.0
2008-04-02,38.0,0.0,27.0
2008-04-03,45.0,0.0,20.0
2008-04-04,50.0,0.0,15.0
2008-04-05,45.0,0.0,20.0
2008-04-06,50.0,0.0,15.0
2008-04-07,60.0,0.0,5.0
2008-04-08,59.0,0.0,6.0
2008-04-09,56.0,0.0,9.0
2008-04-10,54.0,0.0,11.0
2008-04-11,58.0,0.0,7.0
2008-04-12,44.0,0.0,21.0
2008-04-13,38.0,0.0,27.0
2008-04-14,40.0,0.0,25.0
2008-04-15,43.0,0.0,22.0
2008-04-16,52.0,0.0,13.0
2008-04-17,62.0,0.0,3.0
2008-04-18,62.0,0.0,3.0
2008-04-19,55.0,0.0,10.0
2008-04-20,52.0,0.0,13.0
2008-04-21,58.0,0.0,7.0
2008-04-22,63.0,0.0,2.0
2008-04-23,65.0,0.0,0.0
2008-04-24,66.0,1.0,0.0
2008-04-25,72.0,7.0,0.0
2008-04-26,60.0,0.0,5.0
2008-04-27,53.0,0.0,12.0
2008-04-28,46.0,0.0,19.0
2008-04-29,44.0,0.0,21.0
2008-04-30,48.0,0.0,17.0
2008-05-01,63.0,0.0,2.0
2008-05-02,69.0,4.0,0.0
2008-05-03,60.0,0.0,5.0
2008-05-04,52.0,0.0,13.0
2008-05-05,58.0,0.0,7.0
2008-05-06,65.0,0.0,0.0
2008-05-07,66.0,1.0,0.0
2008-05-08,59.0,0.0,6.0
2008-05-09,53.0,0.0,12.0
2008-05-10,54.0,0.0,11.0
2008-05-11,53.0,0.0,12.0
2008-05-12,53.0,0.0,12.0
2008-05-13,55.0,0.0,10.0
2008-05-14,56.0,0.0,9.0
2008-05-15,55.0,0.0,10.0
2008-05-16,56.0,0.0,9.0
2008-05-17,61.0,0.0,4.0
2008-05-18,54.0,0.0,11.0
2008-05-19,51.0,0.0,14.0
2008-05-20,53.0,0.0,12.0
2008-05-21,53.0,0.0,12.0
2008-05-22,55.0,0.0,10.0
2008-05-23,56.0,0.0,9.0
2008-05-24,57.0,0.0,8.0
2008-05-25,60.0,0.0,5.0
2008-05-26,73.0,8.0,0.0
2008-05-27,59.0,0.0,6.0
2008-05-28,54.0,0.0,11.0
2008-05-29,60.0,0.0,5.0
2008-05-30,69.0,4.0,0.0
2008-05-31,73.0,8.0,0.0
2008-06-01,71.0,6.0,0.0
2008-06-02,68.0,3.0,0.0
2008-06-03,69.0,4.0,0.0
2008-06-04,72.0,7.0,0.0
2008-06-05,78.0,13.0,0.0
2008-06-06,80.0,15.0,0.0
2008-06-07,74.0,9.0,0.0
2008-06-08,81.0,16.0,0.0
2008-06-09,79.0,14.0,0.0
2008-06-10,72.0,7.0,0.0
2008-06-11,72.0,7.0,0.0
2008-06-12,76.0,11.0,0.0
2008-06-13,78.0,13.0,0.0
2008-06-14,72.0,7.0,0.0
2008-06-15,72.0,7.0,0.0
2008-06-16,70.0,5.0,0.0
2008-06-17,63.0,0.0,2.0
2008-06-18,64.0,0.0,1.0
2008-06-19,65.0,0.0,0.0
2008-06-20,69.0,4.0,0.0
2008-06-21,71.0,6.0,0.0
2008-06-22,68.0,3.0,0.0
2008-06-23,66.0,1.0,0.0
2008-06-24,68.0,3.0,0.0
2008-06-25,73.0,8.0,0.0
2008-06-26,78.0,13.0,0.0
2008-06-27,75.0,10.0,0.0
2008-06-28,75.0,10.0,0.0
2008-06-29,70.0,5.0,0.0
2008-06-30,66.0,1.0,0.0
2008-07-01,65.0,0.0,0.0
2008-07-02,73.0,8.0,0.0
2008-07-03,70.0,5.0,0.0
2008-07-04,62.0,0.0,3.0
2008-07-05,71.0,6.0,0.0
2008-07-06,72.0,7.0,0.0
2008-07-07,74.0,9.0,0.0
2008-07-08,78.0,13.0,0.0
2008-07-09,72.0,7.0,0.0
2008-07-10,71.0,6.0,0.0
2008-07-11,77.0,12.0,0.0
2008-07-12,77.0,12.0,0.0
2008-07-13,73.0,8.0,0.0
2008-07-14,69.0,4.0,0.0
2008-07-15,72.0,7.0,0.0
2008-07-16,77.0,12.0,0.0
2008-07-17,79.0,14.0,0.0
2008-07-18,79.0,14.0,0.0
2008-07-19,78.0,13.0,0.0
2008-07-20,79.0,14.0,0.0
2008-07-21,77.0,12.0,0.0
2008-07-22,73.0,8.0,0.0
2008-07-23,70.0,5.0,0.0
2008-07-24,70.0,5.0,0.0
2008-07-25,70.0,5.0,0.0
2008-07-26,76.0,11.0,0.0
2008-07-27,70.0,5.0,0.0
2008-07-28,74.0,9.0,0.0
2008-07-29,75.0,10.0,0.0
2008-07-30,77.0,12.0,0.0
2008-07-31,77.0,12.0,0.0
2008-08-01,77.0,12.0,0.0
2008-08-02,75.0,10.0,0.0
2008-08-03,70.0,5.0,0.0
2008-08-04,75.0,10.0,0.0
2008-08-05,75.0,10.0,0.0
2008-08-06,76.0,11.0,0.0
2008-08-07,71.0,6.0,0.0
2008-08-08,67.0,2.0,0.0
2008-08-09,67.0,2.0,0.0
2008-08-10,65.0,0.0,0.0
2008-08-11,64.0,0.0,1.0
2008-08-12,68.0,3.0,0.0
2008-08-13,70.0,5.0,0.0
2008-08-14,67.0,2.0,0.0
2008-08-15,68.0,3.0,0.0
2008-08-16,67.0,2.0,0.0
2008-08-17,68.0,3.0,0.0
2008-08-18,70.0,5.0,0.0
2008-08-19,74.0,9.0,0.0
2008-08-20,71.0,6.0,0.0
2008-08-21,76.0,11.0,0.0
2008-08-22,80.0,15.0,0.0
2008-08-23,79.0,14.0,0.0
2008-08-24,78.0,13.0,0.0
2008-08-25,68.0,3.0,0.0
2008-08-26,68.0,3.0,0.0
2008-08-27,70.0,5.0,0.0
2008-08-28,73.0,8.0,0.0
2008-08-29,78.0,13.0,0.0
2008-08-30,73.0,8.0,0.0
2008-08-31,73.0,8.0,0.0
2008-09-01,72.0,7.0,0.0
2008-09-02,81.0,16.0,0.0
2008-09-03,80.0,15.0,0.0
2008-09-04,76.0,11.0,0.0
2008-09-05,72.0,7.0,0.0
2008-09-06,69.0,4.0,0.0
2008-09-07,66.0,1.0,0.0
2008-09-08,68.0,3.0,0.0
2008-09-09,62.0,0.0,3.0
2008-09-10,60.0,0.0,5.0
2008-09-11,66.0,1.0,0.0
2008-09-12,75.0,10.0,0.0
2008-09-13,79.0,14.0,0.0
2008-09-14,75.0,10.0,0.0
2008-09-15,66.0,1.0,0.0
2008-09-16,63.0,0.0,2.0
2008-09-17,65.0,0.0,0.0
2008-09-18,65.0,0.0,0.0
2008-09-19,65.0,0.0,0.0
2008-09-20,68.0,3.0,0.0
2008-09-21,69.0,4.0,0.0
2008-09-22,68.0,3.0,0.0
2008-09-23,68.0,3.0,0.0
2008-09-24,69.0,4.0,0.0
2008-09-25,68.0,3.0,0.0
2008-09-26,64.0,0.0,1.0
2008-09-27,67.0,2.0,0.0
2008-09-28,67.0,2.0,0.0
2008-09-29,67.0,2.0,0.0
2008-09-30,61.0,0.0,4.0
2008-10-01,55.0,0.0,10.0
2008-10-02,53.0,0.0,12.0
2008-10-03,57.0,0.0,8.0
2008-10-04,56.0,0.0,9.0
2008-10-05,57.0,0.0,8.0
2008-10-06,61.0,0.0,4.0
2008-10-07,63.0,0.0,2.0
2008-10-08,59.0,0.0,6.0
2008-10-09,59.0,0.0,6.0
2008-10-10,61.0,0.0,4.0
2008-10-11,67.0,2.0,0.0
2008-10-12,68.0,3.0,0.0
2008-10-13,66.0,1.0,0.0
2008-10-14,68.0,3.0,0.0
2008-10-15,70.0,5.0,0.0
2008-10-16,59.0,0.0,6.0
2008-10-17,54.0,0.0,11.0
2008-10-18,49.0,0.0,16.0
2008-10-19,45.0,0.0,20.0
2008-10-20,52.0,0.0,13.0
2008-10-21,46.0,0.0,19.0
2008-10-22,41.0,0.0,24.0
2008-10-23,50.0,0.0,15.0
2008-10-24,49.0,0.0,16.0
2008-10-25,47.0,0.0,18.0
2008-10-26,51.0,0.0,14.0
2008-10-27,40.0,0.0,25.0
2008-10-28,37.0,0.0,28.0
2008-10-29,40.0,0.0,25.0
2008-10-30,41.0,0.0,24.0
2008-10-31,56.0,0.0,9.0
2008-11-01,58.0,0.0,7.0
2008-11-02,57.0,0.0,8.0
2008-11-03,60.0,0.0,5.0
2008-11-04,59.0,0.0,6.0
2008-11-05,58.0,0.0,7.0
2008-11-06,58.0,0.0,7.0
2008-11-07,49.0,0.0,16.0
2008-11-08,41.0,0.0,24.0
2008-11-09,35.0,0.0,30.0
2008-11-10,34.0,0.0,31.0
2008-11-11,32.0,0.0,33.0
2008-11-12,46.0,0.0,19.0
2008-11-13,53.0,0.0,12.0
2008-11-14,54.0,0.0,11.0
2008-11-15,41.0,0.0,24.0
2008-11-16,36.0,0.0,29.0
2008-11-17,31.0,0.0,34.0
2008-11-18,27.0,0.0,38.0
2008-11-19,28.0,0.0,37.0
2008-11-20,33.0,0.0,32.0
2008-11-21,23.0,0.0,42.0
2008-11-22,21.0,0.0,44.0
2008-11-23,30.0,0.0,35.0
2008-11-24,36.0,0.0,29.0
2008-11-25,34.0,0.0,31.0
2008-11-26,35.0,0.0,30.0
2008-11-27,35.0,0.0,30.0
2008-11-28,34.0,0.0,31.0
2008-11-29,33.0,0.0,32.0
2008-11-30,37.0,0.0,28.0
2008-12-01,30.0,0.0,35.0
2008-12-02,24.0,0.0,41.0
2008-12-03,36.0,0.0,29.0
2008-12-04,30.0,0.0,35.0
2008-12-05,18.0,0.0,47.0
2008-12-06,22.0,0.0,43.0
2008-12-07,18.0,0.0,47.0
2008-12-08,33.0,0.0,32.0
2008-12-09,48.0,0.0,17.0
2008-12-10,40.0,0.0,25.0
2008-12-11,29.0,0.0,36.0
2008-12-12,22.0,0.0,43.0
2008-12-13,26.0,0.0,39.0
2008-12-14,45.0,0.0,20.0
2008-12-15,36.0,0.0,29.0
2008-12-16,22.0,0.0,43.0
2008-12-17,26.0,0.0,39.0
2008-12-18,28.0,0.0,37.0
2008-12-19,43.0,0.0,22.0
2008-12-20,27.0,0.0,38.0
2008-12-21,16.0,0.0,49.0
2008-12-22,8.0,0.0,57.0
2008-12-23,23.0,0.0,42.0
2008-12-24,38.0,0.0,27.0
2008-12-25,21.0,0.0,44.0
2008-12-26,40.0,0.0,25.0
2008-12-27,61.0,0.0,4.0
2008-12-28,46.0,0.0,19.0
2008-12-29,39.0,0.0,26.0
2008-12-30,36.0,0.0,29.0
2008-12-31,30.0,0.0,35.0
2009-01-01,26.0,0.0,39.0
2009-01-02,34.0,0.0,31.0
2009-01-03,31.0,0.0,34.0
2009-01-04,41.0,0.0,24.0
2009-01-05,27.0,0.0,38.0
2009-01-06,29.0,0.0,36.0
2009-01-07,29.0,0.0,36.0
2009-01-08,19.0,0.0,46.0
2009-01-09,25.0,0.0,40.0
2009-01-10,28.0,0.0,37.0
2009-01-11,25.0,0.0,40.0
2009-01-12,29.0,0.0,36.0
2009-01-13,22.0,0.0,43.0
2009-01-14,15.0,0.0,50.0
2009-01-15,-1.0,0.0,66.0
2009-01-16,-5.0,0.0,70.0
2009-01-17,14.0,0.0,51.0
2009-01-18,21.0,0.0,44.0
2009-01-19,13.0,0.0,52.0
2009-01-20,8.0,0.0,57.0
2009-01-21,16.0,0.0,49.0
2009-01-22,32.0,0.0,33.0
2009-01-23,37.0,0.0,28.0
2009-01-24,20.0,0.0,45.0
2009-01-25,12.0,0.0,53.0
2009-01-26,19.0,0.0,46.0
2009-01-27,19.0,0.0,46.0
2009-01-28,21.0,0.0,44.0
2009-01-29,22.0,0.0,43.0
2009-01-30,15.0,0.0,50.0
2009-01-31,16.0,0.0,49.0
2009-02-01,36.0,0.0,29.0
2009-02-02,25.0,0.0,40.0
2009-02-03,18.0,0.0,47.0
2009-02-04,11.0,0.0,54.0
2009-02-05,12.0,0.0,53.0
2009-02-06,31.0,0.0,34.0
2009-02-07,46.0,0.0,19.0
2009-02-08,37.0,0.0,28.0
2009-02-09,38.0,0.0,27.0
2009-02-10,53.0,0.0,12.0
2009-02-11,51.0,0.0,14.0
2009-02-12,41.0,0.0,24.0
2009-02-13,35.0,0.0,30.0
2009-02-14,34.0,0.0,31.0
2009-02-15,29.0,0.0,36.0
2009-02-16,27.0,0.0,38.0
2009-02-17,32.0,0.0,33.0
2009-02-18,44.0,0.0,21.0
2009-02-19,26.0,0.0,39.0
2009-02-20,22.0,0.0,43.0
2009-02-21,28.0,0.0,37.0
2009-02-22,23.0,0.0,42.0
2009-02-23,20.0,0.0,45.0
2009-02-24,26.0,0.0,39.0
2009-02-25,41.0,0.0,24.0
2009-02-26,51.0,0.0,14.0
2009-02-27,44.0,0.0,21.0
2009-02-28,25.0,0.0,40.0
2009-03-01,24.0,0.0,41.0
2009-03-02,16.0,0.0,49.0
2009-03-03,18.0,0.0,47.0
2009-03-04,30.0,0.0,35.0
2009-03-05,47.0,0.0,18.0
2009-03-06,60.0,0.0,5.0
2009-03-07,66.0,1.0,0.0
2009-03-08,59.0,0.0,6.0
2009-03-09,45.0,0.0,20.0
2009-03-10,60.0,0.0,5.0
2009-03-11,49.0,0.0,16.0
2009-03-12,28.0,0.0,37.0
2009-03-13,32.0,0.0,33.0
2009-03-14,39.0,0.0,26.0
2009-03-15,46.0,0.0,19.0
2009-03-16,49.0,0.0,16.0
2009-03-17,54.0,0.0,11.0
2009-03-18,61.0,0.0,4.0
2009-03-19,44.0,0.0,21.0
2009-03-20,34.0,0.0,31.0
2009-03-21,41.0,0.0,24.0
2009-03-22,47.0,0.0,18.0
2009-03-23,47.0,0.0,18.0
2009-03-24,56.0,0.0,9.0
2009-03-25,55.0,0.0,10.0
2009-03-26,49.0,0.0,16.0
2009-03-27,48.0,0.0,17.0
2009-03-28,48.0,0.0,17.0
2009-03-29,47.0,0.0,18.0
2009-03-30,42.0,0.0,23.0
2009-03-31,52.0,0.0,13.0
2009-04-01,50.0,0.0,15.0
2009-04-02,56.0,0.0,9.0
2009-04-03,48.0,0.0,17.0
2009-04-04,44.0,0.0,21.0
2009-04-05,53.0,0.0,12.0
2009-04-06,39.0,0.0,26.0
2009-04-07,34.0,0.0,31.0
2009-04-08,42.0,0.0,23.0
2009-04-09,49.0,0.0,16.0
2009-04-10,53.0,0.0,12.0
2009-04-11,43.0,0.0,22.0
2009-04-12,41.0,0.0,24.0
2009-04-13,42.0,0.0,23.0
2009-04-14,49.0,0.0,16.0
2009-04-15,42.0,0.0,23.0
2009-04-16,52.0,0.0,13.0
2009-04-17,54.0,0.0,11.0
2009-04-18,59.0,0.0,6.0
2009-04-19,59.0,0.0,6.0
2009-04-20,49.0,0.0,16.0
2009-04-21,45.0,0.0,20.0
2009-04-22,49.0,0.0,16.0
2009-04-23,48.0,0.0,17.0
2009-04-24,70.0,5.0,0.0
2009-04-25,75.0,10.0,0.0
2009-04-26,74.0,9.0,0.0
2009-04-27,75.0,10.0,0.0
2009-04-28,60.0,0.0,5.0
2009-04-29,57.0,0.0,8.0
2009-04-30,66.0,1.0,0.0
2009-05-01,61.0,0.0,4.0
2009-05-02,54.0,0.0,11.0
2009-05-03,60.0,0.0,5.0
2009-05-04,61.0,0.0,4.0
2009-05-05,60.0,0.0,5.0
2009-05-06,58.0,0.0,7.0
2009-05-07,60.0,0.0,5.0
2009-05-08,64.0,0.0,1.0
2009-05-09,58.0,0.0,7.0
2009-05-10,56.0,0.0,9.0
2009-05-11,57.0,0.0,8.0
2009-05-12,54.0,0.0,11.0
2009-05-13,59.0,0.0,6.0
2009-05-14,63.0,0.0,2.0
2009-05-15,64.0,0.0,1.0
2009-05-16,59.0,0.0,6.0
2009-05-17,50.0,0.0,15.0
2009-05-18,52.0,0.0,13.0
2009-05-19,59.0,0.0,6.0
2009-05-20,66.0,1.0,0.0
2009-05-21,68.0,3.0,0.0
2009-05-22,73.0,8.0,0.0
2009-05-23,72.0,7.0,0.0
2009-05-24,74.0,9.0,0.0
2009-05-25,71.0,6.0,0.0
2009-05-26,74.0,9.0,0.0
2009-05-27,75.0,10.0,0.0
2009-05-28,69.0,4.0,0.0
2009-05-29,67.0,2.0,0.0
2009-05-30,65.0,0.0,0.0
2009-05-31,65.0,0.0,0.0
2009-06-01,70.0,5.0,0.0
2009-06-02,74.0,9.0,0.0
2009-06-03,58.0,0.0,7.0
2009-06-04,59.0,0.0,6.0
2009-06-05,59.0,0.0,6.0
2009-06-06,65.0,0.0,0.0
2009-06-07,70.0,5.0,0.0
2009-06-08,74.0,9.0,0.0
2009-06-09,75.0,10.0,0.0
2009-06-10,68.0,3.0,0.0
2009-06-11,70.0,5.0,0.0
2009-06-12,68.0,3.0,0.0
2009-06-13,66.0,1.0,0.0
2009-06-14,68.0,3.0,0.0
2009-06-15,70.0,5.0,0.0
2009-06-16,70.0,5.0,0.0
2009-06-17,76.0,11.0,0.0
2009-06-18,71.0,6.0,0.0
2009-06-19,81.0,16.0,0.0
2009-06-20,77.0,12.0,0.0
2009-06-21,77.0,12.0,0.0
2009-06-22,76.0,11.0,0.0
2009-06-23,75.0,10.0,0.0
2009-06-24,78.0,13.0,0.0
2009-06-25,81.0,16.0,0.0
2009-06-26,78.0,13.0,0.0
2009-06-27,75.0,10.0,0.0
2009-06-28,74.0,9.0,0.0
2009-06-29,72.0,7.0,0.0
2009-06-30,68.0,3.0,0.0
2009-07-01,66.0,1.0,0.0
2009-07-02,64.0,0.0,1.0
2009-07-03,69.0,4.0,0.0
2009-07-04,65.0,0.0,0.0
2009-07-05,70.0,5.0,0.0
2009-07-06,70.0,5.0,0.0
2009-07-07,72.0,7.0,0.0
2009-07-08,72.0,7.0,0.0
2009-07-09,72.0,7.0,0.0
2009-07-10,74.0,9.0,0.0
2009-07-11,72.0,7.0,0.0
2009-07-12,72.0,7.0,0.0
2009-07-13,69.0,4.0,0.0
2009-07-14,67.0,2.0,0.0
2009-07-15,71.0,6.0,0.0
2009-07-16,76.0,11.0,0.0
2009-07-17,69.0,4.0,0.0
2009-07-18,63.0,0.0,2.0
2009-07-19,65.0,0.0,0.0
2009-07-20,68.0,3.0,0.0
2009-07-21,68.0,3.0,0.0
2009-07-22,66.0,1.0,0.0
2009-07-23,70.0,5.0,0.0
2009-07-24,70.0,5.0,0.0
2009-07-25,71.0,6.0,0.0
2009-07-26,70.0,5.0,0.0
2009-07-27,72.0,7.0,0.0
2009-07-28,75.0,10.0,0.0
2009-07-29,73.0,8.0,0.0
2009-07-30,71.0,6.0,0.0
2009-07-31,72.0,7.0,0.0
2009-08-01,70.0,5.0,0.0
2009-08-02,68.0,3.0,0.0
2009-08-03,68.0,3.0,0.0
2009-08-04,68.0,3.0,0.0
2009-08-05,71.0,6.0,0.0
2009-08-06,68.0,3.0,0.0
2009-08-07,68.0,3.0,0.0
2009-08-08,76.0,11.0,0.0
2009-08-09,80.0,15.0,0.0
2009-08-10,79.0,14.0,0.0
2009-08-11,75.0,10.0,0.0
2009-08-12,73.0,8.0,0.0
2009-08-13,70.0,5.0,0.0
2009-08-14,73.0,8.0,0.0
2009-08-15,74.0,9.0,0.0
2009-08-16,80.0,15.0,0.0
2009-08-17,79.0,14.0,0.0
2009-08-18,78.0,13.0,0.0
2009-08-19,77.0,12.0,0.0
2009-08-20,76.0,11.0,0.0
2009-08-21,71.0,6.0,0.0
2009-08-22,64.0,0.0,1.0
2009-08-23,61.0,0.0,4.0
2009-08-24,66.0,1.0,0.0
2009-08-25,69.0,4.0,0.0
2009-08-26,73.0,8.0,0.0
2009-08-27,74.0,9.0,0.0
2009-08-28,75.0,10.0,0.0
2009-08-29,66.0,1.0,0.0
2009-08-30,59.0,0.0,6.0
2009-08-31,58.0,0.0,7.0
2009-09-01,59.0,0.0,6.0
2009-09-02,64.0,0.0,1.0
2009-09-03,66.0,1.0,0.0
2009-09-04,66.0,1.0,0.0
2009-09-05,67.0,2.0,0.0
2009-09-06,69.0,4.0,0.0
2009-09-07,69.0,4.0,0.0
2009-09-08,70.0,5.0,0.0
2009-09-09,69.0,4.0,0.0
2009-09-10,68.0,3.0,0.0
2009-09-11,67.0,2.0,0.0
2009-09-12,63.0,0.0,2.0
2009-09-13,62.0,0.0,3.0
2009-09-14,69.0,4.0,0.0
2009-09-15,71.0,6.0,0.0
2009-09-16,65.0,0.0,0.0
2009-09-17,62.0,0.0,3.0
2009-09-18,63.0,0.0,2.0
2009-09-19,64.0,0.0,1.0
2009-09-20,64.0,0.0,1.0
2009-09-21,72.0,7.0,0.0
2009-09-22,74.0,9.0,0.0
2009-09-23,72.0,7.0,0.0
2009-09-24,67.0,2.0,0.0
2009-09-25,62.0,0.0,3.0
2009-09-26,66.0,1.0,0.0
2009-09-27,64.0,0.0,1.0
2009-09-28,60.0,0.0,5.0
2009-09-29,53.0,0.0,12.0
2009-09-30,51.0,0.0,14.0
2009-10-01,50.0,0.0,15.0
2009-10-02,58.0,0.0,7.0
2009-10-03,57.0,0.0,8.0
2009-10-04,53.0,0.0,12.0
2009-10-05,52.0,0.0,13.0
2009-10-06,54.0,0.0,11.0
2009-10-07,52.0,0.0,13.0
2009-10-08,51.0,0.0,14.0
2009-10-09,57.0,0.0,8.0
2009-10-10,49.0,0.0,16.0
2009-10-11,44.0,0.0,21.0
2009-10-12,49.0,0.0,16.0
2009-10-13,49.0,0.0,16.0
2009-10-14,43.0,0.0,22.0
2009-10-15,43.0,0.0,22.0
2009-10-16,39.0,0.0,26.0
2009-10-17,41.0,0.0,24.0
2009-10-18,40.0,0.0,25.0
2009-10-19,47.0,0.0,18.0
2009-10-20,57.0,0.0,8.0
2009-10-21,55.0,0.0,10.0
2009-10-22,59.0,0.0,6.0
2009-10-23,60.0,0.0,5.0
2009-10-24,46.0,0.0,19.0
2009-10-25,49.0,0.0,16.0
2009-10-26,51.0,0.0,14.0
2009-10-27,52.0,0.0,13.0
2009-10-28,54.0,0.0,11.0
2009-10-29,54.0,0.0,11.0
2009-10-30,68.0,3.0,0.0
2009-10-31,51.0,0.0,14.0
2009-11-01,41.0,0.0,24.0
2009-11-02,46.0,0.0,19.0
2009-11-03,43.0,0.0,22.0
2009-11-04,43.0,0.0,22.0
2009-11-05,45.0,0.0,20.0
2009-11-06,42.0,0.0,23.0
2009-11-07,56.0,0.0,9.0
2009-11-08,59.0,0.0,6.0
2009-11-09,59.0,0.0,6.0
2009-11-10,55.0,0.0,10.0
2009-11-11,45.0,0.0,20.0
2009-11-12,42.0,0.0,23.0
2009-11-13,46.0,0.0,19.0
2009-11-14,53.0,0.0,12.0
2009-11-15,57.0,0.0,8.0
2009-11-16,49.0,0.0,16.0
2009-11-17,50.0,0.0,15.0
2009-11-18,52.0,0.0,13.0
2009-11-19,44.0,0.0,21.0
2009-11-20,43.0,0.0,22.0
2009-11-21,43.0,0.0,22.0
2009-11-22,44.0,0.0,21.0
2009-11-23,46.0,0.0,19.0
2009-11-24,47.0,0.0,18.0
2009-11-25,47.0,0.0,18.0
2009-11-26,39.0,0.0,26.0
2009-11-27,32.0,0.0,33.0
2009-11-28,41.0,0.0,24.0
2009-11-29,51.0,0.0,14.0
2009-11-30,38.0,0.0,27.0
2009-12-01,41.0,0.0,24.0
2009-12-02,40.0,0.0,25.0
2009-12-03,37.0,0.0,28.0
2009-12-04,27.0,0.0,38.0
2009-12-05,25.0,0.0,40.0
2009-12-06,26.0,0.0,39.0
2009-12-07,30.0,0.0,35.0
2009-12-08,35.0,0.0,30.0
2009-12-09,37.0,0.0,28.0
2009-12-10,18.0,0.0,47.0
2009-12-11,24.0,0.0,41.0
2009-12-12,29.0,0.0,36.0
2009-12-13,37.0,0.0,28.0
2009-12-14,46.0,0.0,19.0
2009-12-15,31.0,0.0,34.0
2009-12-16,22.0,0.0,43.0
2009-12-17,29.0,0.0,36.0
2009-12-18,34.0,0.0,31.0
2009-12-19,31.0,0.0,34.0
2009-12-20,29.0,0.0,36.0
2009-12-21,29.0,0.0,36.0
2009-12-22,31.0,0.0,34.0
2009-12-23,31.0,0.0,34.0
2009-12-24,34.0,0.0,31.0
2009-12-25,41.0,0.0,24.0
2009-12-26,34.0,0.0,31.0
2009-12-27,28.0,0.0,37.0
2009-12-28,23.0,0.0,42.0
2009-12-29,21.0,0.0,44.0
2009-12-30,28.0,0.0,37.0
2009-12-31,33.0,0.0,32.0
2010-01-01,21.0,0.0,44.0
2010-01-02,13.0,0.0,52.0
2010-01-03,11.0,0.0,54.0
2010-01-04,18.0,0.0,47.0
2010-01-05,17.0,0.0,48.0
2010-01-06,19.0,0.0,46.0
2010-01-07,17.0,0.0,48.0
2010-01-08,15.0,0.0,50.0
2010-01-09,12.0,0.0,53.0
2010-01-10,10.0,0.0,55.0
2010-01-11,20.0,0.0,45.0
2010-01-12,18.0,0.0,47.0
2010-01-13,22.0,0.0,43.0
2010-01-14,33.0,0.0,32.0
2010-01-15,38.0,0.0,27.0
2010-01-16,37.0,0.0,28.0
2010-01-17,34.0,0.0,31.0
2010-01-18,28.0,0.0,37.0
2010-01-19,31.0,0.0,34.0
2010-01-20,27.0,0.0,38.0
2010-01-21,36.0,0.0,29.0
2010-01-22,39.0,0.0,26.0
2010-01-23,42.0,0.0,23.0
2010-01-24,47.0,0.0,18.0
2010-01-25,37.0,0.0,28.0
2010-01-26,24.0,0.0,41.0
2010-01-27,25.0,0.0,40.0
2010-01-28,21.0,0.0,44.0
2010-01-29,13.0,0.0,52.0
2010-01-30,18.0,0.0,47.0
2010-01-31,18.0,0.0,47.0
2010-02-01,26.0,0.0,39.0
2010-02-02,35.0,0.0,30.0
2010-02-03,29.0,0.0,36.0
2010-02-04,28.0,0.0,37.0
2010-02-05,33.0,0.0,32.0
2010-02-06,18.0,0.0,47.0
2010-02-07,13.0,0.0,52.0
2010-02-08,10.0,0.0,55.0
2010-02-09,20.0,0.0,45.0
2010-02-10,19.0,0.0,46.0
2010-02-11,18.0,0.0,47.0
2010-02-12,18.0,0.0,47.0
2010-02-13,20.0,0.0,45.0
2010-02-14,18.0,0.0,47.0
2010-02-15,19.0,0.0,46.0
2010-02-16,24.0,0.0,41.0
2010-02-17,27.0,0.0,38.0
2010-02-18,28.0,0.0,37.0
2010-02-19,24.0,0.0,41.0
2010-02-20,29.0,0.0,36.0
2010-02-21,38.0,0.0,27.0
2010-02-22,36.0,0.0,29.0
2010-02-23,32.0,0.0,33.0
2010-02-24,24.0,0.0,41.0
2010-02-25,24.0,0.0,41.0
2010-02-26,26.0,0.0,39.0
2010-02-27,29.0,0.0,36.0
2010-02-28,33.0,0.0,32.0
2010-03-01,34.0,0.0,31.0
2010-03-02,27.0,0.0,38.0
2010-03-03,29.0,0.0,36.0
2010-03-04,30.0,0.0,35.0
2010-03-05,29.0,0.0,36.0
2010-03-06,32.0,0.0,33.0
2010-03-07,34.0,0.0,31.0
2010-03-08,44.0,0.0,21.0
2010-03-09,48.0,0.0,17.0
2010-03-10,57.0,0.0,8.0
2010-03-11,54.0,0.0,11.0
2010-03-12,54.0,0.0,11.0
2010-03-13,47.0,0.0,18.0
2010-03-14,39.0,0.0,26.0
2010-03-15,41.0,0.0,24.0
2010-03-16,47.0,0.0,18.0
2010-03-17,47.0,0.0,18.0
2010-03-18,49.0,0.0,16.0
2010-03-19,51.0,0.0,14.0
2010-03-20,53.0,0.0,12.0
2010-03-21,50.0,0.0,15.0
2010-03-22,40.0,0.0,25.0
2010-03-23,46.0,0.0,19.0
2010-03-24,49.0,0.0,16.0
2010-03-25,41.0,0.0,24.0
2010-03-26,33.0,0.0,32.0
2010-03-27,41.0,0.0,24.0
2010-03-28,49.0,0.0,16.0
2010-03-29,40.0,0.0,25.0
2010-03-30,43.0,0.0,22.0
2010-03-31,55.0,0.0,10.0
2010-04-01,66.0,1.0,0.0
2010-04-02,71.0,6.0,0.0
2010-04-03,60.0,0.0,5.0
2010-04-04,57.0,0.0,8.0
2010-04-05,69.0,4.0,0.0
2010-04-06,72.0,7.0,0.0
2010-04-07,66.0,1.0,0.0
2010-04-08,48.0,0.0,17.0
2010-04-09,43.0,0.0,22.0
2010-04-10,50.0,0.0,15.0
2010-04-11,60.0,0.0,5.0
2010-04-12,56.0,0.0,9.0
2010-04-13,57.0,0.0,8.0
2010-04-14,61.0,0.0,4.0
2010-04-15,69.0,4.0,0.0
2010-04-16,61.0,0.0,4.0
2010-04-17,45.0,0.0,20.0
2010-04-18,46.0,0.0,19.0
2010-04-19,49.0,0.0,16.0
2010-04-20,53.0,0.0,12.0
2010-04-21,55.0,0.0,10.0
2010-04-22,55.0,0.0,10.0
2010-04-23,58.0,0.0,7.0
2010-04-24,62.0,0.0,3.0
2010-04-25,60.0,0.0,5.0
2010-04-26,51.0,0.0,14.0
2010-04-27,46.0,0.0,19.0
2010-04-28,47.0,0.0,18.0
2010-04-29,56.0,0.0,9.0
2010-04-30,70.0,5.0,0.0
2010-05-01,66.0,1.0,0.0
2010-05-02,65.0,0.0,0.0
2010-05-03,65.0,0.0,0.0
2010-05-04,64.0,0.0,1.0
2010-05-05,69.0,4.0,0.0
2010-05-06,61.0,0.0,4.0
2010-05-07,66.0,1.0,0.0
2010-05-08,49.0,0.0,16.0
2010-05-09,47.0,0.0,18.0
2010-05-10,49.0,0.0,16.0
2010-05-11,59.0,0.0,6.0
2010-05-12,58.0,0.0,7.0
2010-05-13,67.0,2.0,0.0
2010-05-14,65.0,0.0,0.0
2010-05-15,62.0,0.0,3.0
2010-05-16,61.0,0.0,4.0
2010-05-17,56.0,0.0,9.0
2010-05-18,57.0,0.0,8.0
2010-05-19,58.0,0.0,7.0
2010-05-20,60.0,0.0,5.0
2010-05-21,65.0,0.0,0.0
2010-05-22,67.0,2.0,0.0
2010-05-23,72.0,7.0,0.0
2010-05-24,73.0,8.0,0.0
2010-05-25,73.0,8.0,0.0
2010-05-26,75.0,10.0,0.0
2010-05-27,75.0,10.0,0.0
2010-05-28,75.0,10.0,0.0
2010-05-29,74.0,9.0,0.0
2010-05-30,74.0,9.0,0.0
2010-05-31,74.0,9.0,0.0
2010-06-01,72.0,7.0,0.0
2010-06-02,76.0,11.0,0.0
2010-06-03,72.0,7.0,0.0
2010-06-04,75.0,10.0,0.0
2010-06-05,74.0,9.0,0.0
2010-06-06,67.0,2.0,0.0
2010-06-07,65.0,0.0,0.0
2010-06-08,64.0,0.0,1.0
2010-06-09,72.0,7.0,0.0
2010-06-10,71.0,6.0,0.0
2010-06-11,76.0,11.0,0.0
2010-06-12,78.0,13.0,0.0
2010-06-13,76.0,11.0,0.0
2010-06-14,76.0,11.0,0.0
2010-06-15,76.0,11.0,0.0
2010-06-16,75.0,10.0,0.0
2010-06-17,73.0,8.0,0.0
2010-06-18,75.0,10.0,0.0
2010-06-19,76.0,11.0,0.0
2010-06-20,76.0,11.0,0.0
2010-06-21,74.0,9.0,0.0
2010-06-22,75.0,10.0,0.0
2010-06-23,80.0,15.0,0.0
2010-06-24,75.0,10.0,0.0
2010-06-25,73.0,8.0,0.0
2010-06-26,76.0,11.0,0.0
2010-06-27,81.0,16.0,0.0
2010-06-28,75.0,10.0,0.0
2010-06-29,68.0,3.0,0.0
2010-06-30,64.0,0.0,1.0
2010-07-01,64.0,0.0,1.0
2010-07-02,65.0,0.0,0.0
2010-07-03,69.0,4.0,0.0
2010-07-04,79.0,14.0,0.0
2010-07-05,82.0,17.0,0.0
2010-07-06,80.0,15.0,0.0
2010-07-07,80.0,15.0,0.0
2010-07-08,82.0,17.0,0.0
2010-07-09,77.0,12.0,0.0
2010-07-10,74.0,9.0,0.0
2010-07-11,76.0,11.0,0.0
2010-07-12,75.0,10.0,0.0
2010-07-13,73.0,8.0,0.0
2010-07-14,76.0,11.0,0.0
2010-07-15,80.0,15.0,0.0
2010-07-16,79.0,14.0,0.0
2010-07-17,79.0,14.0,0.0
2010-07-18,79.0,14.0,0.0
2010-07-19,79.0,14.0,0.0
2010-07-20,77.0,12.0,0.0
2010-07-21,79.0,14.0,0.0
2010-07-22,80.0,15.0,0.0
2010-07-23,84.0,19.0,0.0
2010-07-24,83.0,18.0,0.0
2010-07-25,78.0,13.0,0.0
2010-07-26,73.0,8.0,0.0
2010-07-27,75.0,10.0,0.0
2010-07-28,82.0,17.0,0.0
2010-07-29,74.0,9.0,0.0
2010-07-30,71.0,6.0,0.0
2010-07-31,73.0,8.0,0.0
2010-08-01,74.0,9.0,0.0
2010-08-02,76.0,11.0,0.0
2010-08-03,81.0,16.0,0.0
2010-08-04,81.0,16.0,0.0
2010-08-05,78.0,13.0,0.0
2010-08-06,73.0,8.0,0.0
2010-08-07,72.0,7.0,0.0
2010-08-08,75.0,10.0,0.0
2010-08-09,79.0,14.0,0.0
2010-08-10,84.0,19.0,0.0
2010-08-11,81.0,16.0,0.0
2010-08-12,81.0,16.0,0.0
2010-08-13,80.0,15.0,0.0
2010-08-14,81.0,16.0,0.0
2010-08-15,81.0,16.0,0.0
2010-08-16,73.0,8.0,0.0
2010-08-17,72.0,7.0,0.0
2010-08-18,75.0,10.0,0.0
2010-08-19,76.0,11.0,0.0
2010-08-20,78.0,13.0,0.0
2010-08-21,74.0,9.0,0.0
2010-08-22,75.0,10.0,0.0
2010-08-23,71.0,6.0,0.0
2010-08-24,70.0,5.0,0.0
2010-08-25,72.0,7.0,0.0
2010-08-26,65.0,0.0,0.0
2010-08-27,66.0,1.0,0.0
2010-08-28,71.0,6.0,0.0
2010-08-29,78.0,13.0,0.0
2010-08-30,81.0,16.0,0.0
2010-08-31,80.0,15.0,0.0
2010-09-01,81.0,16.0,0.0
2010-09-02,80.0,15.0,0.0
2010-09-03,71.0,6.0,0.0
2010-09-04,63.0,0.0,2.0
2010-09-05,62.0,0.0,3.0
2010-09-06,72.0,7.0,0.0
2010-09-07,79.0,14.0,0.0
2010-09-08,65.0,0.0,0.0
2010-09-09,60.0,0.0,5.0
2010-09-10,64.0,0.0,1.0
2010-09-11,65.0,0.0,0.0
2010-09-12,68.0,3.0,0.0
2010-09-13,73.0,8.0,0.0
2010-09-14,67.0,2.0,0.0
2010-09-15,69.0,4.0,0.0
2010-09-16,72.0,7.0,0.0
2010-09-17,63.0,0.0,2.0
2010-09-18,69.0,4.0,0.0
2010-09-19,73.0,8.0,0.0
2010-09-20,70.0,5.0,0.0
2010-09-21,77.0,12.0,0.0
2010-09-22,77.0,12.0,0.0
2010-09-23,78.0,13.0,0.0
2010-09-24,76.0,11.0,0.0
2010-09-25,62.0,0.0,3.0
2010-09-26,57.0,0.0,8.0
2010-09-27,53.0,0.0,12.0
2010-09-28,57.0,0.0,8.0
2010-09-29,60.0,0.0,5.0
2010-09-30,63.0,0.0,2.0
2010-10-01,57.0,0.0,8.0
2010-10-02,54.0,0.0,11.0
2010-10-03,49.0,0.0,16.0
2010-10-04,53.0,0.0,12.0
2010-10-05,54.0,0.0,11.0
2010-10-06,58.0,0.0,7.0
2010-10-07,63.0,0.0,2.0
2010-10-08,61.0,0.0,4.0
2010-10-09,68.0,3.0,0.0
2010-10-10,69.0,4.0,0.0
2010-10-11,71.0,6.0,0.0
2010-10-12,66.0,1.0,0.0
2010-10-13,61.0,0.0,4.0
2010-10-14,54.0,0.0,11.0
2010-10-15,53.0,0.0,12.0
2010-10-16,53.0,0.0,12.0
2010-10-17,59.0,0.0,6.0
2010-10-18,53.0,0.0,12.0
2010-10-19,48.0,0.0,17.0
2010-10-20,53.0,0.0,12.0
2010-10-21,47.0,0.0,18.0
2010-10-22,48.0,0.0,17.0
2010-10-23,61.0,0.0,4.0
2010-10-24,69.0,4.0,0.0
2010-10-25,67.0,2.0,0.0
2010-10-26,64.0,0.0,1.0
2010-10-27,59.0,0.0,6.0
2010-10-28,51.0,0.0,14.0
2010-10-29,44.0,0.0,21.0
2010-10-30,48.0,0.0,17.0
2010-10-31,43.0,0.0,22.0
2010-11-01,39.0,0.0,26.0
2010-11-02,39.0,0.0,26.0
2010-11-03,43.0,0.0,22.0
2010-11-04,44.0,0.0,21.0
2010-11-05,38.0,0.0,27.0
2010-11-06,34.0,0.0,31.0
2010-11-07,39.0,0.0,26.0
2010-11-08,52.0,0.0,13.0
2010-11-09,52.0,0.0,13.0
2010-11-10,53.0,0.0,12.0
2010-11-11,55.0,0.0,10.0
2010-11-12,53.0,0.0,12.0
2010-11-13,57.0,0.0,8.0
2010-11-14,46.0,0.0,19.0
2010-11-15,39.0,0.0,26.0
2010-11-16,40.0,0.0,25.0
2010-11-17,43.0,0.0,22.0
2010-11-18,38.0,0.0,27.0
2010-11-19,37.0,0.0,28.0
2010-11-20,40.0,0.0,25.0
2010-11-21,51.0,0.0,14.0
2010-11-22,64.0,0.0,1.0
2010-11-23,47.0,0.0,18.0
2010-11-24,30.0,0.0,35.0
2010-11-25,45.0,0.0,20.0
2010-11-26,28.0,0.0,37.0
2010-11-27,31.0,0.0,34.0
2010-11-28,33.0,0.0,32.0
2010-11-29,42.0,0.0,23.0
2010-11-30,43.0,0.0,22.0
2010-12-01,29.0,0.0,36.0
2010-12-02,30.0,0.0,35.0
2010-12-03,31.0,0.0,34.0
2010-12-04,26.0,0.0,39.0
2010-12-05,25.0,0.0,40.0
2010-12-06,17.0,0.0,48.0
2010-12-07,18.0,0.0,47.0
2010-12-08,17.0,0.0,48.0
2010-12-09,19.0,0.0,46.0
2010-12-10,36.0,0.0,29.0
2010-12-11,37.0,0.0,28.0
2010-12-12,30.0,0.0,35.0
2010-12-13,14.0,0.0,51.0
2010-12-14,13.0,0.0,52.0
2010-12-15,13.0,0.0,52.0
2010-12-16,21.0,0.0,44.0
2010-12-17,20.0,0.0,45.0
2010-12-18,18.0,0.0,47.0
2010-12-19,20.0,0.0,45.0
2010-12-20,25.0,0.0,40.0
2010-12-21,27.0,0.0,38.0
2010-12-22,27.0,0.0,38.0
2010-12-23,27.0,0.0,38.0
2010-12-24,28.0,0.0,37.0
2010-12-25,23.0,0.0,42.0
2010-12-26,24.0,0.0,41.0
2010-12-27,20.0,0.0,45.0
2010-12-28,24.0,0.0,41.0
2010-12-29,32.0,0.0,33.0
2010-12-30,41.0,0.0,24.0
2010-12-31,54.0,0.0,11.0
2011-01-01,42.0,0.0,23.0
2011-01-02,22.0,0.0,43.0
2011-01-03,28.0,0.0,37.0
2011-01-04,29.0,0.0,36.0
2011-01-05,24.0,0.0,41.0
2011-01-06,27.0,0.0,38.0
2011-01-07,19.0,0.0,46.0
2011-01-08,14.0,0.0,51.0
2011-01-09,16.0,0.0,49.0
2011-01-10,19.0,0.0,46.0
2011-01-11,23.0,0.0,42.0
2011-01-12,23.0,0.0,42.0
2011-01-13,20.0,0.0,45.0
2011-01-14,25.0,0.0,40.0
2011-01-15,28.0,0.0,37.0
2011-01-16,18.0,0.0,47.0
2011-01-17,22.0,0.0,43.0
2011-01-18,37.0,0.0,28.0
2011-01-19,30.0,0.0,35.0
2011-01-20,22.0,0.0,43.0
2011-01-21,9.0,0.0,56.0
2011-01-22,8.0,0.0,57.0
2011-01-23,11.0,0.0,54.0
2011-01-24,21.0,0.0,44.0
2011-01-25,30.0,0.0,35.0
2011-01-26,26.0,0.0,39.0
2011-01-27,27.0,0.0,38.0
2011-01-28,25.0,0.0,40.0
2011-01-29,29.0,0.0,36.0
2011-01-30,25.0,0.0,40.0
2011-01-31,21.0,0.0,44.0
2011-02-01,28.0,0.0,37.0
2011-02-02,27.0,0.0,38.0
2011-02-03,18.0,0.0,47.0
2011-02-04,22.0,0.0,43.0
2011-02-05,29.0,0.0,36.0
2011-02-06,31.0,0.0,34.0
2011-02-07,31.0,0.0,34.0
2011-02-08,15.0,0.0,50.0
2011-02-09,11.0,0.0,54.0
2011-02-10,8.0,0.0,57.0
2011-02-11,23.0,0.0,42.0
2011-02-12,33.0,0.0,32.0
2011-02-13,41.0,0.0,24.0
2011-02-14,38.0,0.0,27.0
2011-02-15,30.0,0.0,35.0
2011-02-16,46.0,0.0,19.0
2011-02-17,57.0,0.0,8.0
2011-02-18,49.0,0.0,16.0
2011-02-19,38.0,0.0,27.0
2011-02-20,37.0,0.0,28.0
2011-02-21,37.0,0.0,28.0
2011-02-22,24.0,0.0,41.0
2011-02-23,27.0,0.0,38.0
2011-02-24,37.0,0.0,28.0
2011-02-25,29.0,0.0,36.0
2011-02-26,32.0,0.0,33.0
2011-02-27,47.0,0.0,18.0
2011-02-28,46.0,0.0,19.0
2011-03-01,35.0,0.0,30.0
2011-03-02,37.0,0.0,28.0
2011-03-03,34.0,0.0,31.0
2011-03-04,45.0,0.0,20.0
2011-03-05,42.0,0.0,23.0
2011-03-06,30.0,0.0,35.0
2011-03-07,33.0,0.0,32.0
2011-03-08,43.0,0.0,22.0
2011-03-09,46.0,0.0,19.0
2011-03-10,39.0,0.0,26.0
2011-03-11,39.0,0.0,26.0
2011-03-12,47.0,0.0,18.0
2011-03-13,38.0,0.0,27.0
2011-03-14,39.0,0.0,26.0
2011-03-15,43.0,0.0,22.0
2011-03-16,48.0,0.0,17.0
2011-03-17,55.0,0.0,10.0
2011-03-18,54.0,0.0,11.0
2011-03-19,44.0,0.0,21.0
2011-03-20,50.0,0.0,15.0
2011-03-21,63.0,0.0,2.0
2011-03-22,54.0,0.0,11.0
2011-03-23,54.0,0.0,11.0
2011-03-24,34.0,0.0,31.0
2011-03-25,33.0,0.0,32.0
2011-03-26,29.0,0.0,36.0
2011-03-27,31.0,0.0,34.0
2011-03-28,32.0,0.0,33.0
2011-03-29,36.0,0.0,29.0
2011-03-30,32.0,0.0,33.0
2011-03-31,33.0,0.0,32.0
2011-04-01,39.0,0.0,26.0
2011-04-02,43.0,0.0,22.0
2011-04-03,52.0,0.0,13.0
2011-04-04,56.0,0.0,9.0
2011-04-05,41.0,0.0,24.0
2011-04-06,54.0,0.0,11.0
2011-04-07,48.0,0.0,17.0
2011-04-08,56.0,0.0,9.0
2011-04-09,56.0,0.0,9.0
2011-04-10,68.0,3.0,0.0
2011-04-11,63.0,0.0,2.0
2011-04-12,48.0,0.0,17.0
2011-04-13,50.0,0.0,15.0
2011-04-14,54.0,0.0,11.0
2011-04-15,58.0,0.0,7.0
2011-04-16,48.0,0.0,17.0
2011-04-17,50.0,0.0,15.0
2011-04-18,58.0,0.0,7.0
2011-04-19,58.0,0.0,7.0
2011-04-20,52.0,0.0,13.0
2011-04-21,45.0,0.0,20.0
2011-04-22,53.0,0.0,12.0
2011-04-23,63.0,0.0,2.0
2011-04-24,60.0,0.0,5.0
2011-04-25,63.0,0.0,2.0
2011-04-26,64.0,0.0,1.0
2011-04-27,64.0,0.0,1.0
2011-04-28,52.0,0.0,13.0
2011-04-29,51.0,0.0,14.0
2011-04-30,56.0,0.0,9.0
2011-05-01,60.0,0.0,5.0
2011-05-02,50.0,0.0,15.0
2011-05-03,48.0,0.0,17.0
2011-05-04,44.0,0.0,21.0
2011-05-05,49.0,0.0,16.0
2011-05-06,55.0,0.0,10.0
2011-05-07,57.0,0.0,8.0
2011-05-08,57.0,0.0,8.0
2011-05-09,60.0,0.0,5.0
2011-05-10,70.0,5.0,0.0
2011-05-11,75.0,10.0,0.0
2011-05-12,77.0,12.0,0.0
2011-05-13,74.0,9.0,0.0
2011-05-14,63.0,0.0,2.0
2011-05-15,53.0,0.0,12.0
2011-05-16,47.0,0.0,18.0
2011-05-17,46.0,0.0,19.0
2011-05-18,53.0,0.0,12.0
2011-05-19,60.0,0.0,5.0
2011-05-20,65.0,0.0,0.0
2011-05-21,69.0,4.0,0.0
2011-05-22,73.0,8.0,0.0
2011-05-23,72.0,7.0,0.0
2011-05-24,69.0,4.0,0.0
2011-05-25,73.0,8.0,0.0
2011-05-26,65.0,0.0,0.0
2011-05-27,58.0,0.0,7.0
2011-05-28,65.0,0.0,0.0
2011-05-29,78.0,13.0,0.0
2011-05-30,78.0,13.0,0.0
2011-05-31,81.0,16.0,0.0
2011-06-01,73.0,8.0,0.0
2011-06-02,69.0,4.0,0.0
2011-06-03,70.0,5.0,0.0
2011-06-04,78.0,13.0,0.0
2011-06-05,73.0,8.0,0.0
2011-06-06,74.0,9.0,0.0
2011-06-07,82.0,17.0,0.0
2011-06-08,83.0,18.0,0.0
2011-06-09,79.0,14.0,0.0
2011-06-10,75.0,10.0,0.0
2011-06-11,75.0,10.0,0.0
2011-06-12,66.0,1.0,0.0
2011-06-13,65.0,0.0,0.0
2011-06-14,65.0,0.0,0.0
2011-06-15,62.0,0.0,3.0
2011-06-16,71.0,6.0,0.0
2011-06-17,75.0,10.0,0.0
2011-06-18,73.0,8.0,0.0
2011-06-19,68.0,3.0,0.0
2011-06-20,68.0,3.0,0.0
2011-06-21,78.0,13.0,0.0
2011-06-22,74.0,9.0,0.0
2011-06-23,71.0,6.0,0.0
2011-06-24,67.0,2.0,0.0
2011-06-25,70.0,5.0,0.0
2011-06-26,68.0,3.0,0.0
2011-06-27,68.0,3.0,0.0
2011-06-28,73.0,8.0,0.0
2011-06-29,69.0,4.0,0.0
2011-06-30,72.0,7.0,0.0
2011-07-01,77.0,12.0,0.0
2011-07-02,79.0,14.0,0.0
2011-07-03,80.0,15.0,0.0
2011-07-04,75.0,10.0,0.0
2011-07-05,75.0,10.0,0.0
2011-07-06,78.0,13.0,0.0
2011-07-07,79.0,14.0,0.0
2011-07-08,77.0,12.0,0.0
2011-07-09,74.0,9.0,0.0
2011-07-10,77.0,12.0,0.0
2011-07-11,82.0,17.0,0.0
2011-07-12,81.0,16.0,0.0
2011-07-13,73.0,8.0,0.0
2011-07-14,70.0,5.0,0.0
2011-07-15,73.0,8.0,0.0
2011-07-16,79.0,14.0,0.0
2011-07-17,82.0,17.0,0.0
2011-07-18,83.0,18.0,0.0
2011-07-19,86.0,21.0,0.0
2011-07-20,85.0,20.0,0.0
2011-07-21,86.0,21.0,0.0
2011-07-22,88.0,23.0,0.0
2011-07-23,86.0,21.0,0.0
2011-07-24,83.0,18.0,0.0
2011-07-25,81.0,16.0,0.0
2011-07-26,79.0,14.0,0.0
2011-07-27,81.0,16.0,0.0
2011-07-28,87.0,22.0,0.0
2011-07-29,84.0,19.0,0.0
2011-07-30,80.0,15.0,0.0
2011-07-31,80.0,15.0,0.0
2011-08-01,81.0,16.0,0.0
2011-08-02,83.0,18.0,0.0
2011-08-03,80.0,15.0,0.0
2011-08-04,77.0,12.0,0.0
2011-08-05,78.0,13.0,0.0
2011-08-06,81.0,16.0,0.0
2011-08-07,80.0,15.0,0.0
2011-08-08,78.0,13.0,0.0
2011-08-09,75.0,10.0,0.0
2011-08-10,70.0,5.0,0.0
2011-08-11,66.0,1.0,0.0
2011-08-12,68.0,3.0,0.0
2011-08-13,75.0,10.0,0.0
2011-08-14,69.0,4.0,0.0
2011-08-15,71.0,6.0,0.0
2011-08-16,71.0,6.0,0.0
2011-08-17,72.0,7.0,0.0
2011-08-18,77.0,12.0,0.0
2011-08-19,76.0,11.0,0.0
2011-08-20,75.0,10.0,0.0
2011-08-21,74.0,9.0,0.0
2011-08-22,68.0,3.0,0.0
2011-08-23,71.0,6.0,0.0
2011-08-24,83.0,18.0,0.0
2011-08-25,75.0,10.0,0.0
2011-08-26,74.0,9.0,0.0
2011-08-27,72.0,7.0,0.0
2011-08-28,70.0,5.0,0.0
2011-08-29,69.0,4.0,0.0
2011-08-30,66.0,1.0,0.0
2011-08-31,75.0,10.0,0.0
2011-09-01,84.0,19.0,0.0
2011-09-02,85.0,20.0,0.0
2011-09-03,84.0,19.0,0.0
2011-09-04,70.0,5.0,0.0
2011-09-05,58.0,0.0,7.0
2011-09-06,59.0,0.0,6.0
2011-09-07,59.0,0.0,6.0
2011-09-08,61.0,0.0,4.0
2011-09-09,66.0,1.0,0.0
2011-09-10,65.0,0.0,0.0
2011-09-11,69.0,4.0,0.0
2011-09-12,70.0,5.0,0.0
2011-09-13,75.0,10.0,0.0
2011-09-14,63.0,0.0,2.0
2011-09-15,53.0,0.0,12.0
2011-09-16,51.0,0.0,14.0
2011-09-17,59.0,0.0,6.0
2011-09-18,60.0,0.0,5.0
2011-09-19,65.0,0.0,0.0
2011-09-20,68.0,3.0,0.0
2011-09-21,68.0,3.0,0.0
2011-09-22,62.0,0.0,3.0
2011-09-23,57.0,0.0,8.0
2011-09-24,58.0,0.0,7.0
2011-09-25,64.0,0.0,1.0
2011-09-26,59.0,0.0,6.0
2011-09-27,57.0,0.0,8.0
2011-09-28,57.0,0.0,8.0
2011-09-29,61.0,0.0,4.0
2011-09-30,48.0,0.0,17.0
2011-10-01,43.0,0.0,22.0
2011-10-02,49.0,0.0,16.0
2011-10-03,55.0,0.0,10.0
2011-10-04,59.0,0.0,6.0
2011-10-05,62.0,0.0,3.0
2011-10-06,65.0,0.0,0.0
2011-10-07,64.0,0.0,1.0
2011-10-08,66.0,1.0,0.0
2011-10-09,62.0,0.0,3.0
2011-10-10,66.0,1.0,0.0
2011-10-11,64.0,0.0,1.0
2011-10-12,59.0,0.0,6.0
2011-10-13,58.0,0.0,7.0
2011-10-14,55.0,0.0,10.0
2011-10-15,54.0,0.0,11.0
2011-10-16,62.0,0.0,3.0
2011-10-17,51.0,0.0,14.0
2011-10-18,47.0,0.0,18.0
2011-10-19,48.0,0.0,17.0
2011-10-20,45.0,0.0,20.0
2011-10-21,47.0,0.0,18.0
2011-10-22,47.0,0.0,18.0
2011-10-23,51.0,0.0,14.0
2011-10-24,52.0,0.0,13.0
2011-10-25,52.0,0.0,13.0
2011-10-26,61.0,0.0,4.0
2011-10-27,45.0,0.0,20.0
2011-10-28,42.0,0.0,23.0
2011-10-29,42.0,0.0,23.0
2011-10-30,42.0,0.0,23.0
2011-10-31,47.0,0.0,18.0
2011-11-01,46.0,0.0,19.0
2011-11-02,53.0,0.0,12.0
2011-11-03,50.0,0.0,15.0
2011-11-04,45.0,0.0,20.0
2011-11-05,44.0,0.0,21.0
2011-11-06,48.0,0.0,17.0
2011-11-07,57.0,0.0,8.0
2011-11-08,57.0,0.0,8.0
2011-11-09,50.0,0.0,15.0
2011-11-10,39.0,0.0,26.0
2011-11-11,36.0,0.0,29.0
2011-11-12,50.0,0.0,15.0
2011-11-13,59.0,0.0,6.0
2011-11-14,63.0,0.0,2.0
2011-11-15,54.0,0.0,11.0
2011-11-16,44.0,0.0,21.0
2011-11-17,33.0,0.0,32.0
2011-11-18,36.0,0.0,29.0
2011-11-19,49.0,0.0,16.0
2011-11-20,52.0,0.0,13.0
2011-11-21,44.0,0.0,21.0
2011-11-22,51.0,0.0,14.0
2011-11-23,45.0,0.0,20.0
2011-11-24,43.0,0.0,22.0
2011-11-25,49.0,0.0,16.0
2011-11-26,56.0,0.0,9.0
2011-11-27,51.0,0.0,14.0
2011-11-28,44.0,0.0,21.0
2011-11-29,41.0,0.0,24.0
2011-11-30,33.0,0.0,32.0
2011-12-01,33.0,0.0,32.0
2011-12-02,35.0,0.0,30.0
2011-12-03,42.0,0.0,23.0
2011-12-04,48.0,0.0,17.0
2011-12-05,42.0,0.0,23.0
2011-12-06,34.0,0.0,31.0
2011-12-07,31.0,0.0,34.0
2011-12-08,29.0,0.0,36.0
2011-12-09,30.0,0.0,35.0
2011-12-10,21.0,0.0,44.0
2011-12-11,27.0,0.0,38.0
2011-12-12,32.0,0.0,33.0
2011-12-13,35.0,0.0,30.0
2011-12-14,48.0,0.0,17.0
2011-12-15,46.0,0.0,19.0
2011-12-16,32.0,0.0,33.0
2011-12-17,31.0,0.0,34.0
2011-12-18,37.0,0.0,28.0
2011-12-19,42.0,0.0,23.0
2011-12-20,42.0,0.0,23.0
2011-12-21,51.0,0.0,14.0
2011-12-22,41.0,0.0,24.0
2011-12-23,35.0,0.0,30.0
2011-12-24,31.0,0.0,34.0
2011-12-25,38.0,0.0,27.0
2011-12-26,36.0,0.0,29.0
2011-12-27,35.0,0.0,30.0
2011-12-28,30.0,0.0,35.0
2011-12-29,38.0,0.0,27.0
2011-12-30,45.0,0.0,20.0
2012-01-01,38.0,0.0,27.0
2012-01-02,24.0,0.0,41.0
2012-01-03,20.0,0.0,45.0
2012-01-04,27.0,0.0,38.0
2012-01-05,34.0,0.0,31.0
2012-01-06,46.0,0.0,19.0
2012-01-07,39.0,0.0,26.0
2012-01-08,34.0,0.0,31.0
2012-01-09,36.0,0.0,29.0
2012-01-10,38.0,0.0,27.0
2012-01-11,37.0,0.0,28.0
2012-01-12,29.0,0.0,36.0
2012-01-13,16.0,0.0,49.0
2012-01-14,17.0,0.0,48.0
2012-01-15,17.0,0.0,48.0
2012-01-16,35.0,0.0,30.0
2012-01-17,41.0,0.0,24.0
2012-01-18,23.0,0.0,42.0
2012-01-19,18.0,0.0,47.0
2012-01-20,13.0,0.0,52.0
2012-01-21,21.0,0.0,44.0
2012-01-22,34.0,0.0,31.0
2012-01-23,44.0,0.0,21.0
2012-01-24,29.0,0.0,36.0
2012-01-25,26.0,0.0,39.0
2012-01-26,36.0,0.0,29.0
2012-01-27,34.0,0.0,31.0
2012-01-28,31.0,0.0,34.0
2012-01-29,29.0,0.0,36.0
2012-01-30,37.0,0.0,28.0
2012-01-31,54.0,0.0,11.0
2012-02-01,51.0,0.0,14.0
2012-02-02,41.0,0.0,24.0
2012-02-03,42.0,0.0,23.0
2012-02-04,40.0,0.0,25.0
2012-02-05,39.0,0.0,26.0
2012-02-06,36.0,0.0,29.0
2012-02-07,32.0,0.0,33.0
2012-02-08,32.0,0.0,33.0
2012-02-09,28.0,0.0,37.0
2012-02-10,31.0,0.0,34.0
2012-02-11,23.0,0.0,42.0
2012-02-12,22.0,0.0,43.0
2012-02-13,27.0,0.0,38.0
2012-02-14,33.0,0.0,32.0
2012-02-15,40.0,0.0,25.0
2012-02-16,41.0,0.0,24.0
2012-02-17,37.0,0.0,28.0
2012-02-18,36.0,0.0,29.0
2012-02-19,30.0,0.0,35.0
2012-02-20,30.0,0.0,35.0
2012-02-21,41.0,0.0,24.0
2012-02-22,47.0,0.0,18.0
2012-02-23,41.0,0.0,24.0
2012-02-24,39.0,0.0,26.0
2012-02-25,29.0,0.0,36.0
2012-02-26,33.0,0.0,32.0
2012-02-27,41.0,0.0,24.0
2012-02-28,38.0,0.0,27.0
2012-02-29,56.0,0.0,9.0
2012-03-01,41.0,0.0,24.0
2012-03-02,47.0,0.0,18.0
2012-03-03,34.0,0.0,31.0
2012-03-04,30.0,0.0,35.0
2012-03-05,30.0,0.0,35.0
2012-03-06,45.0,0.0,20.0
2012-03-07,58.0,0.0,7.0
2012-03-08,48.0,0.0,17.0
2012-03-09,35.0,0.0,30.0
2012-03-10,37.0,0.0,28.0
2012-03-11,50.0,0.0,15.0
2012-03-12,56.0,0.0,9.0
2012-03-13,63.0,0.0,2.0
2012-03-14,64.0,0.0,1.0
2012-03-15,67.0,2.0,0.0
2012-03-16,65.0,0.0,0.0
2012-03-17,61.0,0.0,4.0
2012-03-18,69.0,4.0,0.0
2012-03-19,70.0,5.0,0.0
2012-03-20,70.0,5.0,0.0
2012-03-21,73.0,8.0,0.0
2012-03-22,71.0,6.0,0.0
2012-03-23,64.0,0.0,1.0
2012-03-24,59.0,0.0,6.0
2012-03-25,58.0,0.0,7.0
2012-03-26,44.0,0.0,21.0
2012-03-27,46.0,0.0,19.0
2012-03-28,61.0,0.0,4.0
2012-03-29,50.0,0.0,15.0
2012-03-30,59.0,0.0,6.0
2012-03-31,44.0,0.0,21.0
2012-04-01,56.0,0.0,9.0
2012-04-02,52.0,0.0,13.0
2012-04-03,61.0,0.0,4.0
2012-04-04,57.0,0.0,8.0
2012-04-05,46.0,0.0,19.0
2012-04-06,46.0,0.0,19.0
2012-04-07,49.0,0.0,16.0
2012-04-08,55.0,0.0,10.0
2012-04-09,51.0,0.0,14.0
2012-04-10,41.0,0.0,24.0
2012-04-11,39.0,0.0,26.0
2012-04-12,46.0,0.0,19.0
2012-04-13,50.0,0.0,15.0
2012-04-14,55.0,0.0,10.0
2012-04-15,68.0,3.0,0.0
2012-04-16,58.0,0.0,7.0
2012-04-17,51.0,0.0,14.0
2012-04-18,54.0,0.0,11.0
2012-04-19,61.0,0.0,4.0
2012-04-20,61.0,0.0,4.0
2012-04-21,45.0,0.0,20.0
2012-04-22,42.0,0.0,23.0
2012-04-23,47.0,0.0,18.0
2012-04-24,50.0,0.0,15.0
2012-04-25,53.0,0.0,12.0
2012-04-26,56.0,0.0,9.0
2012-04-27,45.0,0.0,20.0
2012-04-28,44.0,0.0,21.0
2012-04-29,55.0,0.0,10.0
2012-04-30,66.0,1.0,0.0
2012-05-01,66.0,1.0,0.0
2012-05-02,73.0,8.0,0.0
2012-05-03,76.0,11.0,0.0
2012-05-04,72.0,7.0,0.0
2012-05-05,66.0,1.0,0.0
2012-05-06,67.0,2.0,0.0
2012-05-07,72.0,7.0,0.0
2012-05-08,64.0,0.0,1.0
2012-05-09,59.0,0.0,6.0
2012-05-10,55.0,0.0,10.0
2012-05-11,58.0,0.0,7.0
2012-05-12,62.0,0.0,3.0
2012-05-13,61.0,0.0,4.0
2012-05-14,67.0,2.0,0.0
2012-05-15,68.0,3.0,0.0
2012-05-16,65.0,0.0,0.0
2012-05-17,58.0,0.0,7.0
2012-05-18,63.0,0.0,2.0
2012-05-19,70.0,5.0,0.0
2012-05-20,74.0,9.0,0.0
2012-05-21,72.0,7.0,0.0
2012-05-22,66.0,1.0,0.0
2012-05-23,67.0,2.0,0.0
2012-05-24,72.0,7.0,0.0
2012-05-25,79.0,14.0,0.0
2012-05-26,80.0,15.0,0.0
2012-05-27,81.0,16.0,0.0
2012-05-28,82.0,17.0,0.0
2012-05-29,73.0,8.0,0.0
2012-05-30,70.0,5.0,0.0
2012-05-31,66.0,1.0,0.0
2012-06-01,57.0,0.0,8.0
2012-06-02,60.0,0.0,5.0
2012-06-03,65.0,0.0,0.0
2012-06-04,68.0,3.0,0.0
2012-06-05,60.0,0.0,5.0
2012-06-06,62.0,0.0,3.0
2012-06-07,67.0,2.0,0.0
2012-06-08,71.0,6.0,0.0
2012-06-09,74.0,9.0,0.0
2012-06-10,76.0,11.0,0.0
2012-06-11,73.0,8.0,0.0
2012-06-12,73.0,8.0,0.0
2012-06-13,66.0,1.0,0.0
2012-06-14,67.0,2.0,0.0
2012-06-15,73.0,8.0,0.0
2012-06-16,78.0,13.0,0.0
2012-06-17,77.0,12.0,0.0
2012-06-18,80.0,15.0,0.0
2012-06-19,82.0,17.0,0.0
2012-06-20,83.0,18.0,0.0
2012-06-21,82.0,17.0,0.0
2012-06-22,77.0,12.0,0.0
2012-06-23,73.0,8.0,0.0
2012-06-24,78.0,13.0,0.0
2012-06-25,69.0,4.0,0.0
2012-06-26,66.0,1.0,0.0
2012-06-27,72.0,7.0,0.0
2012-06-28,86.0,21.0,0.0
2012-06-29,83.0,18.0,0.0
2012-06-30,78.0,13.0,0.0
2012-07-01,81.0,16.0,0.0
2012-07-02,79.0,14.0,0.0
2012-07-03,85.0,20.0,0.0
2012-07-04,86.0,21.0,0.0
2012-07-05,86.0,21.0,0.0
2012-07-06,88.0,23.0,0.0
2012-07-07,90.0,25.0,0.0
2012-07-08,82.0,17.0,0.0
2012-07-09,77.0,12.0,0.0
2012-07-10,78.0,13.0,0.0
2012-07-11,78.0,13.0,0.0
2012-07-12,78.0,13.0,0.0
2012-07-13,77.0,12.0,0.0
2012-07-14,80.0,15.0,0.0
2012-07-15,82.0,17.0,0.0
2012-07-16,84.0,19.0,0.0
2012-07-17,88.0,23.0,0.0
2012-07-18,83.0,18.0,0.0
2012-07-19,78.0,13.0,0.0
2012-07-20,70.0,5.0,0.0
2012-07-21,71.0,6.0,0.0
2012-07-22,80.0,15.0,0.0
2012-07-23,86.0,21.0,0.0
2012-07-24,76.0,11.0,0.0
2012-07-25,80.0,15.0,0.0
2012-07-26,83.0,18.0,0.0
2012-07-27,79.0,14.0,0.0
2012-07-28,73.0,8.0,0.0
2012-07-29,74.0,9.0,0.0
2012-07-30,78.0,13.0,0.0
2012-07-31,78.0,13.0,0.0
2012-08-01,77.0,12.0,0.0
2012-08-02,78.0,13.0,0.0
2012-08-03,80.0,15.0,0.0
2012-08-04,81.0,16.0,0.0
2012-08-05,76.0,11.0,0.0
2012-08-06,71.0,6.0,0.0
2012-08-07,74.0,9.0,0.0
2012-08-08,81.0,16.0,0.0
2012-08-09,75.0,10.0,0.0
2012-08-10,67.0,2.0,0.0
2012-08-11,66.0,1.0,0.0
2012-08-12,66.0,1.0,0.0
2012-08-13,72.0,7.0,0.0
2012-08-14,71.0,6.0,0.0
2012-08-15,72.0,7.0,0.0
2012-08-16,74.0,9.0,0.0
2012-08-17,70.0,5.0,0.0
2012-08-18,67.0,2.0,0.0
2012-08-19,69.0,4.0,0.0
2012-08-20,67.0,2.0,0.0
2012-08-21,69.0,4.0,0.0
2012-08-22,70.0,5.0,0.0
2012-08-23,73.0,8.0,0.0
2012-08-24,76.0,11.0,0.0
2012-08-25,78.0,13.0,0.0
2012-08-26,78.0,13.0,0.0
2012-08-27,77.0,12.0,0.0
2012-08-28,73.0,8.0,0.0
2012-08-29,71.0,6.0,0.0
2012-08-30,73.0,8.0,0.0
2012-08-31,81.0,16.0,0.0
2012-09-01,79.0,14.0,0.0
2012-09-02,76.0,11.0,0.0
2012-09-03,74.0,9.0,0.0
2012-09-04,80.0,15.0,0.0
2012-09-05,75.0,10.0,0.0
2012-09-06,74.0,9.0,0.0
2012-09-07,75.0,10.0,0.0
2012-09-08,64.0,0.0,1.0
2012-09-09,63.0,0.0,2.0
2012-09-10,64.0,0.0,1.0
2012-09-11,66.0,1.0,0.0
2012-09-12,69.0,4.0,0.0
2012-09-13,74.0,9.0,0.0
2012-09-14,61.0,0.0,4.0
2012-09-15,60.0,0.0,5.0
2012-09-16,63.0,0.0,2.0
2012-09-17,65.0,0.0,0.0
2012-09-18,57.0,0.0,8.0
2012-09-19,53.0,0.0,12.0
2012-09-20,62.0,0.0,3.0
2012-09-21,58.0,0.0,7.0
2012-09-22,55.0,0.0,10.0
2012-09-23,51.0,0.0,14.0
2012-09-24,52.0,0.0,13.0
2012-09-25,58.0,0.0,7.0
2012-09-26,67.0,2.0,0.0
2012-09-27,61.0,0.0,4.0
2012-09-28,61.0,0.0,4.0
2012-09-29,60.0,0.0,5.0
2012-09-30,57.0,0.0,8.0
2012-10-01,56.0,0.0,9.0
2012-10-02,60.0,0.0,5.0
2012-10-03,63.0,0.0,2.0
2012-10-04,66.0,1.0,0.0
2012-10-05,56.0,0.0,9.0
2012-10-06,47.0,0.0,18.0
2012-10-07,43.0,0.0,22.0
2012-10-08,43.0,0.0,22.0
2012-10-09,49.0,0.0,16.0
2012-10-10,45.0,0.0,20.0
2012-10-11,46.0,0.0,19.0
2012-10-12,49.0,0.0,16.0
2012-10-13,54.0,0.0,11.0
2012-10-14,64.0,0.0,1.0
2012-10-15,49.0,0.0,16.0
2012-10-16,49.0,0.0,16.0
2012-10-17,62.0,0.0,3.0
2012-10-18,56.0,0.0,9.0
2012-10-19,50.0,0.0,15.0
2012-10-20,50.0,0.0,15.0
2012-10-21,50.0,0.0,15.0
2012-10-22,61.0,0.0,4.0
2012-10-23,69.0,4.0,0.0
2012-10-24,69.0,4.0,0.0
2012-10-25,64.0,0.0,1.0
2012-10-26,55.0,0.0,10.0
2012-10-27,47.0,0.0,18.0
2012-10-28,45.0,0.0,20.0
2012-10-29,40.0,0.0,25.0
2012-10-30,37.0,0.0,28.0
2012-10-31,40.0,0.0,25.0
2012-11-01,44.0,0.0,21.0
2012-11-02,42.0,0.0,23.0
2012-11-03,37.0,0.0,28.0
2012-11-04,35.0,0.0,30.0
2012-11-05,36.0,0.0,29.0
2012-11-06,38.0,0.0,27.0
2012-11-07,43.0,0.0,22.0
2012-11-08,40.0,0.0,25.0
2012-11-09,44.0,0.0,21.0
2012-11-10,60.0,0.0,5.0
2012-11-11,60.0,0.0,5.0
2012-11-12,46.0,0.0,19.0
2012-11-13,33.0,0.0,32.0
2012-11-14,32.0,0.0,33.0
2012-11-15,35.0,0.0,30.0
2012-11-16,38.0,0.0,27.0
2012-11-17,41.0,0.0,24.0
2012-11-18,44.0,0.0,21.0
2012-11-19,45.0,0.0,20.0
2012-11-20,50.0,0.0,15.0
2012-11-21,50.0,0.0,15.0
2012-11-22,50.0,0.0,15.0
2012-11-23,42.0,0.0,23.0
2012-11-24,29.0,0.0,36.0
2012-11-25,37.0,0.0,28.0
2012-11-26,40.0,0.0,25.0
2012-11-27,31.0,0.0,34.0
2012-11-28,32.0,0.0,33.0
2012-11-29,36.0,0.0,29.0
2012-11-30,45.0,0.0,20.0
2012-12-01,53.0,0.0,12.0
2012-12-02,56.0,0.0,9.0
2012-12-03,62.0,0.0,3.0
2012-12-04,52.0,0.0,13.0
2012-12-05,35.0,0.0,30.0
2012-12-06,36.0,0.0,29.0
2012-12-07,48.0,0.0,17.0
2012-12-08,48.0,0.0,17.0
2012-12-09,49.0,0.0,16.0
2012-12-10,43.0,0.0,22.0
2012-12-11,30.0,0.0,35.0
2012-12-12,33.0,0.0,32.0
2012-12-13,35.0,0.0,30.0
2012-12-14,42.0,0.0,23.0
2012-12-15,45.0,0.0,20.0
2012-12-16,49.0,0.0,16.0
2012-12-17,43.0,0.0,22.0
2012-12-18,39.0,0.0,26.0
2012-12-19,39.0,0.0,26.0
2012-12-20,42.0,0.0,23.0
2012-12-21,30.0,0.0,35.0
2012-12-22,27.0,0.0,38.0
2012-12-23,33.0,0.0,32.0
2012-12-24,32.0,0.0,33.0
2012-12-25,33.0,0.0,32.0
2012-12-26,30.0,0.0,35.0
2012-12-27,26.0,0.0,39.0
2012-12-28,26.0,0.0,39.0
2012-12-29,28.0,0.0,37.0
2012-12-30,23.0,0.0,42.0
2012-12-31,29.0,0.0,36.0
2013-01-01,26.0,0.0,39.0
2013-01-02,16.0,0.0,49.0
2013-01-03,20.0,0.0,45.0
2013-01-04,24.0,0.0,41.0
2013-01-05,28.0,0.0,37.0
2013-01-06,31.0,0.0,34.0
2013-01-07,29.0,0.0,36.0
2013-01-08,35.0,0.0,30.0
2013-01-09,39.0,0.0,26.0
2013-01-10,35.0,0.0,30.0
2013-01-11,51.0,0.0,14.0
2013-01-12,58.0,0.0,7.0
2013-01-13,49.0,0.0,16.0
2013-01-14,28.0,0.0,37.0
2013-01-15,28.0,0.0,37.0
2013-01-16,32.0,0.0,33.0
2013-01-17,32.0,0.0,33.0
2013-01-18,28.0,0.0,37.0
2013-01-19,44.0,0.0,21.0
2013-01-20,34.0,0.0,31.0
2013-01-21,16.0,0.0,49.0
2013-01-22,10.0,0.0,55.0
2013-01-23,14.0,0.0,51.0
2013-01-24,14.0,0.0,51.0
2013-01-25,21.0,0.0,44.0
2013-01-26,22.0,0.0,43.0
2013-01-27,23.0,0.0,42.0
2013-01-28,42.0,0.0,23.0
2013-01-29,57.0,0.0,8.0
2013-01-30,49.0,0.0,16.0
2013-01-31,23.0,0.0,42.0
2013-02-01,10.0,0.0,55.0
2013-02-02,20.0,0.0,45.0
2013-02-03,20.0,0.0,45.0
2013-02-04,24.0,0.0,41.0
2013-02-05,29.0,0.0,36.0
2013-02-06,32.0,0.0,33.0
2013-02-07,39.0,0.0,26.0
2013-02-08,39.0,0.0,26.0
2013-02-09,29.0,0.0,36.0
2013-02-10,39.0,0.0,26.0
2013-02-11,43.0,0.0,22.0
2013-02-12,38.0,0.0,27.0
2013-02-13,32.0,0.0,33.0
2013-02-14,41.0,0.0,24.0
2013-02-15,30.0,0.0,35.0
2013-02-16,22.0,0.0,43.0
2013-02-17,20.0,0.0,45.0
2013-02-18,37.0,0.0,28.0
2013-02-19,34.0,0.0,31.0
2013-02-20,18.0,0.0,47.0
2013-02-21,24.0,0.0,41.0
2013-02-22,32.0,0.0,33.0
2013-02-23,33.0,0.0,32.0
2013-02-24,32.0,0.0,33.0
2013-02-25,33.0,0.0,32.0
2013-02-26,39.0,0.0,26.0
2013-02-27,38.0,0.0,27.0
2013-02-28,34.0,0.0,31.0
2013-03-01,31.0,0.0,34.0
2013-03-02,27.0,0.0,38.0
2013-03-03,27.0,0.0,38.0
2013-03-04,29.0,0.0,36.0
2013-03-05,34.0,0.0,31.0
2013-03-06,31.0,0.0,34.0
2013-03-07,35.0,0.0,30.0
2013-03-08,32.0,0.0,33.0
2013-03-09,40.0,0.0,25.0
2013-03-10,57.0,0.0,8.0
2013-03-11,46.0,0.0,19.0
2013-03-12,36.0,0.0,29.0
2013-03-13,29.0,0.0,36.0
2013-03-14,31.0,0.0,34.0
2013-03-15,40.0,0.0,25.0
2013-03-16,41.0,0.0,24.0
2013-03-17,34.0,0.0,31.0
2013-03-18,40.0,0.0,25.0
2013-03-19,33.0,0.0,32.0
2013-03-20,28.0,0.0,37.0
2013-03-21,25.0,0.0,40.0
2013-03-22,31.0,0.0,34.0
2013-03-23,38.0,0.0,27.0
2013-03-24,32.0,0.0,33.0
2013-03-25,31.0,0.0,34.0
2013-03-26,34.0,0.0,31.0
2013-03-27,37.0,0.0,28.0
2013-03-28,38.0,0.0,27.0
2013-03-29,42.0,0.0,23.0
2013-03-30,43.0,0.0,22.0
2013-03-31,51.0,0.0,14.0
2013-04-01,37.0,0.0,28.0
2013-04-02,33.0,0.0,32.0
2013-04-03,36.0,0.0,29.0
2013-04-04,42.0,0.0,23.0
2013-04-05,45.0,0.0,20.0
2013-04-06,49.0,0.0,16.0
2013-04-07,64.0,0.0,1.0
2013-04-08,63.0,0.0,2.0
2013-04-09,68.0,3.0,0.0
2013-04-10,71.0,6.0,0.0
2013-04-11,59.0,0.0,6.0
2013-04-12,47.0,0.0,18.0
2013-04-13,45.0,0.0,20.0
2013-04-14,52.0,0.0,13.0
2013-04-15,60.0,0.0,5.0
2013-04-16,63.0,0.0,2.0
2013-04-17,61.0,0.0,4.0
2013-04-18,72.0,7.0,0.0
2013-04-19,54.0,0.0,11.0
2013-04-20,40.0,0.0,25.0
2013-04-21,41.0,0.0,24.0
2013-04-22,53.0,0.0,12.0
2013-04-23,58.0,0.0,7.0
2013-04-24,50.0,0.0,15.0
2013-04-25,46.0,0.0,19.0
2013-04-26,46.0,0.0,19.0
2013-04-27,55.0,0.0,10.0
2013-04-28,60.0,0.0,5.0
2013-04-29,58.0,0.0,7.0
2013-04-30,61.0,0.0,4.0
2013-05-01,67.0,2.0,0.0
2013-05-02,64.0,0.0,1.0
2013-05-03,66.0,1.0,0.0
2013-05-04,63.0,0.0,2.0
2013-05-05,59.0,0.0,6.0
2013-05-06,60.0,0.0,5.0
2013-05-07,64.0,0.0,1.0
2013-05-08,64.0,0.0,1.0
2013-05-09,66.0,1.0,0.0
2013-05-10,62.0,0.0,3.0
2013-05-11,49.0,0.0,16.0
2013-05-12,45.0,0.0,20.0
2013-05-13,49.0,0.0,16.0
2013-05-14,62.0,0.0,3.0
2013-05-15,77.0,12.0,0.0
2013-05-16,71.0,6.0,0.0
2013-05-17,71.0,6.0,0.0
2013-05-18,70.0,5.0,0.0
2013-05-19,72.0,7.0,0.0
2013-05-20,76.0,11.0,0.0
2013-05-21,75.0,10.0,0.0
2013-05-22,71.0,6.0,0.0
2013-05-23,59.0,0.0,6.0
2013-05-24,56.0,0.0,9.0
2013-05-25,54.0,0.0,11.0
2013-05-26,58.0,0.0,7.0
2013-05-27,65.0,0.0,0.0
2013-05-28,76.0,11.0,0.0
2013-05-29,78.0,13.0,0.0
2013-05-30,79.0,14.0,0.0
2013-05-31,75.0,10.0,0.0
2013-06-01,74.0,9.0,0.0
2013-06-02,67.0,2.0,0.0
2013-06-03,59.0,0.0,6.0
2013-06-04,62.0,0.0,3.0
2013-06-05,68.0,3.0,0.0
2013-06-06,64.0,0.0,1.0
2013-06-07,65.0,0.0,0.0
2013-06-08,64.0,0.0,1.0
2013-06-09,73.0,8.0,0.0
2013-06-10,72.0,7.0,0.0
2013-06-11,74.0,9.0,0.0
2013-06-12,79.0,14.0,0.0
2013-06-13,72.0,7.0,0.0
2013-06-14,68.0,3.0,0.0
2013-06-15,70.0,5.0,0.0
2013-06-16,73.0,8.0,0.0
2013-06-17,77.0,12.0,0.0
2013-06-18,72.0,7.0,0.0
2013-06-19,68.0,3.0,0.0
2013-06-20,71.0,6.0,0.0
2013-06-21,74.0,9.0,0.0
2013-06-22,79.0,14.0,0.0
2013-06-23,78.0,13.0,0.0
2013-06-24,76.0,11.0,0.0
2013-06-25,80.0,15.0,0.0
2013-06-26,76.0,11.0,0.0
2013-06-27,78.0,13.0,0.0
2013-06-28,74.0,9.0,0.0
2013-06-29,69.0,4.0,0.0
2013-06-30,71.0,6.0,0.0
2013-07-01,71.0,6.0,0.0
2013-07-02,74.0,9.0,0.0
2013-07-03,75.0,10.0,0.0
2013-07-04,72.0,7.0,0.0
2013-07-05,73.0,8.0,0.0
2013-07-06,74.0,9.0,0.0
2013-07-07,73.0,8.0,0.0
2013-07-08,78.0,13.0,0.0
2013-07-09,82.0,17.0,0.0
2013-07-10,79.0,14.0,0.0
2013-07-11,72.0,7.0,0.0
2013-07-12,69.0,4.0,0.0
2013-07-13,74.0,9.0,0.0
2013-07-14,78.0,13.0,0.0
2013-07-15,82.0,17.0,0.0
2013-07-16,83.0,18.0,0.0
2013-07-17,83.0,18.0,0.0
2013-07-18,84.0,19.0,0.0
2013-07-19,84.0,19.0,0.0
2013-07-20,78.0,13.0,0.0
2013-07-21,76.0,11.0,0.0
2013-07-22,74.0,9.0,0.0
2013-07-23,77.0,12.0,0.0
2013-07-24,67.0,2.0,0.0
2013-07-25,65.0,0.0,0.0
2013-07-26,69.0,4.0,0.0
2013-07-27,69.0,4.0,0.0
2013-07-28,62.0,0.0,3.0
2013-07-29,66.0,1.0,0.0
2013-07-30,68.0,3.0,0.0
2013-07-31,70.0,5.0,0.0
2013-08-01,73.0,8.0,0.0
2013-08-02,71.0,6.0,0.0
2013-08-03,73.0,8.0,0.0
2013-08-04,67.0,2.0,0.0
2013-08-05,69.0,4.0,0.0
2013-08-06,72.0,7.0,0.0
2013-08-07,78.0,13.0,0.0
2013-08-08,77.0,12.0,0.0
2013-08-09,74.0,9.0,0.0
2013-08-10,76.0,11.0,0.0
2013-08-11,74.0,9.0,0.0
2013-08-12,75.0,10.0,0.0
2013-08-13,67.0,2.0,0.0
2013-08-14,60.0,0.0,5.0
2013-08-15,61.0,0.0,4.0
2013-08-16,65.0,0.0,0.0
2013-08-17,69.0,4.0,0.0
2013-08-18,70.0,5.0,0.0
2013-08-19,72.0,7.0,0.0
2013-08-20,74.0,9.0,0.0
2013-08-21,76.0,11.0,0.0
2013-08-22,77.0,12.0,0.0
2013-08-23,75.0,10.0,0.0
2013-08-24,70.0,5.0,0.0
2013-08-25,75.0,10.0,0.0
2013-08-26,77.0,12.0,0.0
2013-08-27,80.0,15.0,0.0
2013-08-28,82.0,17.0,0.0
2013-08-29,77.0,12.0,0.0
2013-08-30,78.0,13.0,0.0
2013-08-31,81.0,16.0,0.0
2013-09-01,77.0,12.0,0.0
2013-09-02,74.0,9.0,0.0
2013-09-03,65.0,0.0,0.0
2013-09-04,68.0,3.0,0.0
2013-09-05,72.0,7.0,0.0
2013-09-06,66.0,1.0,0.0
2013-09-07,73.0,8.0,0.0
2013-09-08,78.0,13.0,0.0
2013-09-09,80.0,15.0,0.0
2013-09-10,86.0,21.0,0.0
2013-09-11,83.0,18.0,0.0
2013-09-12,71.0,6.0,0.0
2013-09-13,57.0,0.0,8.0
2013-09-14,57.0,0.0,8.0
2013-09-15,63.0,0.0,2.0
2013-09-16,62.0,0.0,3.0
2013-09-17,61.0,0.0,4.0
2013-09-18,70.0,5.0,0.0
2013-09-19,73.0,8.0,0.0
2013-09-20,77.0,12.0,0.0
2013-09-21,63.0,0.0,2.0
2013-09-22,57.0,0.0,8.0
2013-09-23,57.0,0.0,8.0
2013-09-24,58.0,0.0,7.0
2013-09-25,62.0,0.0,3.0
2013-09-26,64.0,0.0,1.0
2013-09-27,65.0,0.0,0.0
2013-09-28,66.0,1.0,0.0
2013-09-29,64.0,0.0,1.0
2013-09-30,66.0,1.0,0.0
2013-10-01,69.0,4.0,0.0
2013-10-02,71.0,6.0,0.0
2013-10-03,72.0,7.0,0.0
2013-10-04,75.0,10.0,0.0
2013-10-05,73.0,8.0,0.0
2013-10-06,63.0,0.0,2.0
2013-10-07,54.0,0.0,11.0
2013-10-08,56.0,0.0,9.0
2013-10-09,59.0,0.0,6.0
2013-10-10,60.0,0.0,5.0
2013-10-11,64.0,0.0,1.0
2013-10-12,65.0,0.0,0.0
2013-10-13,62.0,0.0,3.0
2013-10-14,57.0,0.0,8.0
2013-10-15,61.0,0.0,4.0
2013-10-16,58.0,0.0,7.0
2013-10-17,48.0,0.0,17.0
2013-10-18,55.0,0.0,10.0
2013-10-19,46.0,0.0,19.0
2013-10-20,51.0,0.0,14.0
2013-10-21,55.0,0.0,10.0
2013-10-22,42.0,0.0,23.0
2013-10-23,39.0,0.0,26.0
2013-10-24,40.0,0.0,25.0
2013-10-25,39.0,0.0,26.0
2013-10-26,41.0,0.0,24.0
2013-10-27,44.0,0.0,21.0
2013-10-28,47.0,0.0,18.0
2013-10-29,46.0,0.0,19.0
2013-10-30,57.0,0.0,8.0
2013-10-31,61.0,0.0,4.0
2013-11-01,54.0,0.0,11.0
2013-11-02,50.0,0.0,15.0
2013-11-03,46.0,0.0,19.0
2013-11-04,48.0,0.0,17.0
2013-11-05,53.0,0.0,12.0
2013-11-06,53.0,0.0,12.0
2013-11-07,42.0,0.0,23.0
2013-11-08,40.0,0.0,25.0
2013-11-09,50.0,0.0,15.0
2013-11-10,42.0,0.0,23.0
2013-11-11,41.0,0.0,24.0
2013-11-12,28.0,0.0,37.0
2013-11-13,29.0,0.0,36.0
2013-11-14,41.0,0.0,24.0
2013-11-15,45.0,0.0,20.0
2013-11-16,53.0,0.0,12.0
2013-11-17,56.0,0.0,9.0
2013-11-18,42.0,0.0,23.0
2013-11-19,37.0,0.0,28.0
2013-11-20,38.0,0.0,27.0
2013-11-21,48.0,0.0,17.0
2013-11-22,44.0,0.0,21.0
2013-11-23,28.0,0.0,37.0
2013-11-24,22.0,0.0,43.0
2013-11-25,28.0,0.0,37.0
2013-11-26,33.0,0.0,32.0
2013-11-27,28.0,0.0,37.0
2013-11-28,27.0,0.0,38.0
2013-11-29,30.0,0.0,35.0
2013-11-30,37.0,0.0,28.0
2013-12-01,45.0,0.0,20.0
2013-12-02,40.0,0.0,25.0
2013-12-03,43.0,0.0,22.0
2013-12-04,52.0,0.0,13.0
2013-12-05,47.0,0.0,18.0
2013-12-06,28.0,0.0,37.0
2013-12-07,20.0,0.0,45.0
2013-12-08,22.0,0.0,43.0
2013-12-09,28.0,0.0,37.0
2013-12-10,20.0,0.0,45.0
2013-12-11,22.0,0.0,43.0
2013-12-12,11.0,0.0,54.0
2013-12-13,26.0,0.0,39.0
2013-12-14,31.0,0.0,34.0
2013-12-15,25.0,0.0,40.0
2013-12-16,24.0,0.0,41.0
2013-12-17,28.0,0.0,37.0
2013-12-18,26.0,0.0,39.0
2013-12-19,42.0,0.0,23.0
2013-12-20,54.0,0.0,11.0
2013-12-21,56.0,0.0,9.0
2013-12-22,50.0,0.0,15.0
2013-12-23,32.0,0.0,33.0
2013-12-24,19.0,0.0,46.0
2013-12-25,24.0,0.0,41.0
2013-12-26,33.0,0.0,32.0
2013-12-27,39.0,0.0,26.0
2013-12-28,44.0,0.0,21.0
2013-12-29,37.0,0.0,28.0
2013-12-30,26.0,0.0,39.0
2014-01-01,32.0,0.0,33.0
2014-01-02,19.0,0.0,46.0
2014-01-03,5.0,0.0,60.0
2014-01-04,24.0,0.0,41.0
2014-01-05,30.0,0.0,35.0
2014-01-06,7.0,0.0,58.0
2014-01-07,2.0,0.0,63.0
2014-01-08,18.0,0.0,47.0
2014-01-09,26.0,0.0,39.0
2014-01-10,42.0,0.0,23.0
2014-01-11,43.0,0.0,22.0
2014-01-12,38.0,0.0,27.0
2014-01-13,47.0,0.0,18.0
2014-01-14,37.0,0.0,28.0
2014-01-15,24.0,0.0,41.0
2014-01-16,24.0,0.0,41.0
2014-01-17,19.0,0.0,46.0
2014-01-18,17.0,0.0,48.0
2014-01-19,27.0,0.0,38.0
2014-01-20,34.0,0.0,31.0
2014-01-21,16.0,0.0,49.0
2014-01-22,4.0,0.0,61.0
2014-01-23,6.0,0.0,59.0
2014-01-24,9.0,0.0,56.0
2014-01-25,20.0,0.0,45.0
2014-01-26,23.0,0.0,42.0
2014-01-27,17.0,0.0,48.0
2014-01-28,-4.0,0.0,69.0
2014-01-29,8.0,0.0,57.0
2014-01-30,22.0,0.0,43.0
2014-01-31,32.0,0.0,33.0
2014-02-01,40.0,0.0,25.0
2014-02-02,32.0,0.0,33.0
2014-02-03,23.0,0.0,42.0
2014-02-04,23.0,0.0,42.0
2014-02-05,25.0,0.0,40.0
2014-02-06,12.0,0.0,53.0
2014-02-07,4.0,0.0,61.0
2014-02-08,15.0,0.0,50.0
2014-02-09,20.0,0.0,45.0
2014-02-10,10.0,0.0,55.0
2014-02-11,5.0,0.0,60.0
2014-02-12,12.0,0.0,53.0
2014-02-13,22.0,0.0,43.0
2014-02-14,26.0,0.0,39.0
2014-02-15,20.0,0.0,45.0
2014-02-16,24.0,0.0,41.0
2014-02-17,24.0,0.0,41.0
2014-02-18,41.0,0.0,24.0
2014-02-19,38.0,0.0,27.0
2014-02-20,48.0,0.0,17.0
2014-02-21,43.0,0.0,22.0
2014-02-22,45.0,0.0,20.0
2014-02-23,32.0,0.0,33.0
2014-02-24,27.0,0.0,38.0
2014-02-25,25.0,0.0,40.0
2014-02-26,17.0,0.0,48.0
2014-02-27,15.0,0.0,50.0
2014-02-28,19.0,0.0,46.0
2014-03-01,38.0,0.0,27.0
2014-03-02,23.0,0.0,42.0
2014-03-03,11.0,0.0,54.0
2014-03-04,20.0,0.0,45.0
2014-03-05,25.0,0.0,40.0
2014-03-06,32.0,0.0,33.0
2014-03-07,40.0,0.0,25.0
2014-03-08,43.0,0.0,22.0
2014-03-09,36.0,0.0,29.0
2014-03-10,49.0,0.0,16.0
2014-03-11,57.0,0.0,8.0
2014-03-12,35.0,0.0,30.0
2014-03-13,23.0,0.0,42.0
2014-03-14,49.0,0.0,16.0
2014-03-15,44.0,0.0,21.0
2014-03-16,29.0,0.0,36.0
2014-03-17,30.0,0.0,35.0
2014-03-18,41.0,0.0,24.0
2014-03-19,45.0,0.0,20.0
2014-03-20,41.0,0.0,24.0
2014-03-21,52.0,0.0,13.0
2014-03-22,46.0,0.0,19.0
2014-03-23,30.0,0.0,35.0
2014-03-24,29.0,0.0,36.0
2014-03-25,27.0,0.0,38.0
2014-03-26,26.0,0.0,39.0
2014-03-27,43.0,0.0,22.0
2014-03-28,47.0,0.0,18.0
2014-03-29,37.0,0.0,28.0
2014-03-30,41.0,0.0,24.0
2014-03-31,49.0,0.0,16.0
2014-04-01,62.0,0.0,3.0
2014-04-02,50.0,0.0,15.0
2014-04-03,55.0,0.0,10.0
2014-04-04,51.0,0.0,14.0
2014-04-05,43.0,0.0,22.0
2014-04-06,45.0,0.0,20.0
2014-04-07,49.0,0.0,16.0
2014-04-08,52.0,0.0,13.0
2014-04-09,49.0,0.0,16.0
2014-04-10,60.0,0.0,5.0
2014-04-11,59.0,0.0,6.0
2014-04-12,61.0,0.0,4.0
2014-04-13,73.0,8.0,0.0
2014-04-14,55.0,0.0,10.0
2014-04-15,33.0,0.0,32.0
2014-04-16,37.0,0.0,28.0
2014-04-17,50.0,0.0,15.0
2014-04-18,57.0,0.0,8.0
2014-04-19,54.0,0.0,11.0
2014-04-20,57.0,0.0,8.0
2014-04-21,64.0,0.0,1.0
2014-04-22,54.0,0.0,11.0
2014-04-23,47.0,0.0,18.0
2014-04-24,54.0,0.0,11.0
2014-04-25,56.0,0.0,9.0
2014-04-26,63.0,0.0,2.0
2014-04-27,55.0,0.0,10.0
2014-04-28,56.0,0.0,9.0
2014-04-29,65.0,0.0,0.0
2014-04-30,60.0,0.0,5.0
2014-05-01,51.0,0.0,14.0
2014-05-02,52.0,0.0,13.0
2014-05-03,58.0,0.0,7.0
2014-05-04,58.0,0.0,7.0
2014-05-05,55.0,0.0,10.0
2014-05-06,58.0,0.0,7.0
2014-05-07,69.0,4.0,0.0
2014-05-08,76.0,11.0,0.0
2014-05-09,72.0,7.0,0.0
2014-05-10,66.0,1.0,0.0
2014-05-11,70.0,5.0,0.0
2014-05-12,75.0,10.0,0.0
2014-05-13,76.0,11.0,0.0
2014-05-14,65.0,0.0,0.0
2014-05-15,53.0,0.0,12.0
2014-05-16,47.0,0.0,18.0
2014-05-17,49.0,0.0,16.0
2014-05-18,52.0,0.0,13.0
2014-05-19,56.0,0.0,9.0
2014-05-20,68.0,3.0,0.0
2014-05-21,74.0,9.0,0.0
2014-05-22,68.0,3.0,0.0
2014-05-23,62.0,0.0,3.0
2014-05-24,64.0,0.0,1.0
2014-05-25,68.0,3.0,0.0
2014-05-26,72.0,7.0,0.0
2014-05-27,78.0,13.0,0.0
2014-05-28,76.0,11.0,0.0
2014-05-29,75.0,10.0,0.0
2014-05-30,71.0,6.0,0.0
2014-05-31,72.0,7.0,0.0
2014-06-01,73.0,8.0,0.0
2014-06-02,77.0,12.0,0.0
2014-06-03,78.0,13.0,0.0
2014-06-04,68.0,3.0,0.0
2014-06-05,66.0,1.0,0.0
2014-06-06,67.0,2.0,0.0
2014-06-07,70.0,5.0,0.0
2014-06-08,68.0,3.0,0.0
2014-06-09,67.0,2.0,0.0
2014-06-10,68.0,3.0,0.0
2014-06-11,71.0,6.0,0.0
2014-06-12,72.0,7.0,0.0
2014-06-13,65.0,0.0,0.0
2014-06-14,63.0,0.0,2.0
2014-06-15,70.0,5.0,0.0
2014-06-16,80.0,15.0,0.0
2014-06-17,82.0,17.0,0.0
2014-06-18,80.0,15.0,0.0
2014-06-19,75.0,10.0,0.0
2014-06-20,75.0,10.0,0.0
2014-06-21,75.0,10.0,0.0
2014-06-22,77.0,12.0,0.0
2014-06-23,79.0,14.0,0.0
2014-06-24,79.0,14.0,0.0
2014-06-25,78.0,13.0,0.0
2014-06-26,75.0,10.0,0.0
2014-06-27,77.0,12.0,0.0
2014-06-28,79.0,14.0,0.0
2014-06-29,79.0,14.0,0.0
2014-06-30,78.0,13.0,0.0
2014-07-01,78.0,13.0,0.0
2014-07-02,75.0,10.0,0.0
2014-07-03,66.0,1.0,0.0
2014-07-04,65.0,0.0,0.0
2014-07-05,69.0,4.0,0.0
2014-07-06,73.0,8.0,0.0
2014-07-07,76.0,11.0,0.0
2014-07-08,76.0,11.0,0.0
2014-07-09,73.0,8.0,0.0
2014-07-10,70.0,5.0,0.0
2014-07-11,71.0,6.0,0.0
2014-07-12,77.0,12.0,0.0
2014-07-13,80.0,15.0,0.0
2014-07-14,76.0,11.0,0.0
2014-07-15,66.0,1.0,0.0
2014-07-16,64.0,0.0,1.0
2014-07-17,64.0,0.0,1.0
2014-07-18,67.0,2.0,0.0
2014-07-19,70.0,5.0,0.0
2014-07-20,71.0,6.0,0.0
2014-07-21,75.0,10.0,0.0
2014-07-22,78.0,13.0,0.0
2014-07-23,72.0,7.0,0.0
2014-07-24,67.0,2.0,0.0
2014-07-25,65.0,0.0,0.0
2014-07-26,75.0,10.0,0.0
2014-07-27,74.0,9.0,0.0
2014-07-28,67.0,2.0,0.0
2014-07-29,63.0,0.0,2.0
2014-07-30,68.0,3.0,0.0
2014-07-31,72.0,7.0,0.0
2014-08-01,72.0,7.0,0.0
2014-08-02,72.0,7.0,0.0
2014-08-03,71.0,6.0,0.0
2014-08-04,74.0,9.0,0.0
2014-08-05,74.0,9.0,0.0
2014-08-06,72.0,7.0,0.0
2014-08-07,70.0,5.0,0.0
2014-08-08,71.0,6.0,0.0
2014-08-09,73.0,8.0,0.0
2014-08-10,77.0,12.0,0.0
2014-08-11,76.0,11.0,0.0
2014-08-12,70.0,5.0,0.0
2014-08-13,69.0,4.0,0.0
2014-08-14,69.0,4.0,0.0
2014-08-15,63.0,0.0,2.0
2014-08-16,64.0,0.0,1.0
2014-08-17,73.0,8.0,0.0
2014-08-18,78.0,13.0,0.0
2014-08-19,78.0,13.0,0.0
2014-08-20,77.0,12.0,0.0
2014-08-21,75.0,10.0,0.0
2014-08-22,79.0,14.0,0.0
2014-08-23,80.0,15.0,0.0
2014-08-24,78.0,13.0,0.0
2014-08-25,79.0,14.0,0.0
2014-08-26,81.0,16.0,0.0
2014-08-27,79.0,14.0,0.0
2014-08-28,73.0,8.0,0.0
2014-08-29,75.0,10.0,0.0
2014-08-30,79.0,14.0,0.0
2014-08-31,77.0,12.0,0.0
2014-09-01,79.0,14.0,0.0
2014-09-02,74.0,9.0,0.0
2014-09-03,75.0,10.0,0.0
2014-09-04,77.0,12.0,0.0
2014-09-05,81.0,16.0,0.0
2014-09-06,67.0,2.0,0.0
2014-09-07,66.0,1.0,0.0
2014-09-08,66.0,1.0,0.0
2014-09-09,70.0,5.0,0.0
2014-09-10,73.0,8.0,0.0
2014-09-11,67.0,2.0,0.0
2014-09-12,61.0,0.0,4.0
2014-09-13,58.0,0.0,7.0
2014-09-14,58.0,0.0,7.0
2014-09-15,59.0,0.0,6.0
2014-09-16,55.0,0.0,10.0
2014-09-17,56.0,0.0,9.0
2014-09-18,61.0,0.0,4.0
2014-09-19,63.0,0.0,2.0
2014-09-20,70.0,5.0,0.0
2014-09-21,65.0,0.0,0.0
2014-09-22,57.0,0.0,8.0
2014-09-23,58.0,0.0,7.0
2014-09-24,64.0,0.0,1.0
2014-09-25,65.0,0.0,0.0
2014-09-26,67.0,2.0,0.0
2014-09-27,68.0,3.0,0.0
2014-09-28,69.0,4.0,0.0
2014-09-29,69.0,4.0,0.0
2014-09-30,56.0,0.0,9.0
2014-10-01,57.0,0.0,8.0
2014-10-02,70.0,5.0,0.0
2014-10-03,60.0,0.0,5.0
2014-10-04,44.0,0.0,21.0
2014-10-05,53.0,0.0,12.0
2014-10-06,55.0,0.0,10.0
2014-10-07,55.0,0.0,10.0
2014-10-08,57.0,0.0,8.0
2014-10-09,52.0,0.0,13.0
2014-10-10,52.0,0.0,13.0
2014-10-11,52.0,0.0,13.0
2014-10-12,54.0,0.0,11.0
2014-10-13,69.0,4.0,0.0
2014-10-14,65.0,0.0,0.0
2014-10-15,55.0,0.0,10.0
2014-10-16,59.0,0.0,6.0
2014-10-17,62.0,0.0,3.0
2014-10-18,50.0,0.0,15.0
2014-10-19,47.0,0.0,18.0
2014-10-20,55.0,0.0,10.0
2014-10-21,50.0,0.0,15.0
2014-10-22,48.0,0.0,17.0
2014-10-23,49.0,0.0,16.0
2014-10-24,53.0,0.0,12.0
2014-10-25,63.0,0.0,2.0
2014-10-26,56.0,0.0,9.0
2014-10-27,62.0,0.0,3.0
2014-10-28,60.0,0.0,5.0
2014-10-29,49.0,0.0,16.0
2014-10-30,47.0,0.0,18.0
2014-10-31,41.0,0.0,24.0
2014-11-01,35.0,0.0,30.0
2014-11-02,37.0,0.0,28.0
2014-11-03,51.0,0.0,14.0
2014-11-04,58.0,0.0,7.0
2014-11-05,50.0,0.0,15.0
2014-11-06,46.0,0.0,19.0
2014-11-07,41.0,0.0,24.0
2014-11-08,44.0,0.0,21.0
2014-11-09,43.0,0.0,22.0
2014-11-10,53.0,0.0,12.0
2014-11-11,51.0,0.0,14.0
2014-11-12,35.0,0.0,30.0
2014-11-13,28.0,0.0,37.0
2014-11-14,27.0,0.0,38.0
2014-11-15,26.0,0.0,39.0
2014-11-16,34.0,0.0,31.0
2014-11-17,24.0,0.0,41.0
2014-11-18,15.0,0.0,50.0
2014-11-19,27.0,0.0,38.0
2014-11-20,24.0,0.0,41.0
2014-11-21,21.0,0.0,44.0
2014-11-22,38.0,0.0,27.0
2014-11-23,57.0,0.0,8.0
2014-11-24,49.0,0.0,16.0
2014-11-25,34.0,0.0,31.0
2014-11-26,30.0,0.0,35.0
2014-11-27,30.0,0.0,35.0
2014-11-28,26.0,0.0,39.0
2014-11-29,44.0,0.0,21.0
2014-11-30,60.0,0.0,5.0
2014-12-01,40.0,0.0,25.0
2014-12-02,31.0,0.0,34.0
2014-12-03,34.0,0.0,31.0
2014-12-04,31.0,0.0,34.0
2014-12-05,40.0,0.0,25.0
2014-12-06,37.0,0.0,28.0
2014-12-07,32.0,0.0,33.0
2014-12-08,41.0,0.0,24.0
2014-12-09,39.0,0.0,26.0
2014-12-10,33.0,0.0,32.0
2014-12-11,31.0,0.0,34.0
2014-12-12,32.0,0.0,33.0
2014-12-13,40.0,0.0,25.0
2014-12-14,42.0,0.0,23.0
2014-12-15,44.0,0.0,21.0
2014-12-16,42.0,0.0,23.0
2014-12-17,31.0,0.0,34.0
2014-12-18,28.0,0.0,37.0
2014-12-19,29.0,0.0,36.0
2014-12-20,28.0,0.0,37.0
2014-12-21,30.0,0.0,35.0
2014-12-22,37.0,0.0,28.0
2014-12-23,50.0,0.0,15.0
2014-12-24,47.0,0.0,18.0
2014-12-25,37.0,0.0,28.0
2014-12-26,41.0,0.0,24.0
2014-12-27,46.0,0.0,19.0
2014-12-28,35.0,0.0,30.0
2014-12-29,29.0,0.0,36.0
2014-12-30,26.0,0.0,39.0
2015-01-01,28.0,0.0,37.0
2015-01-02,33.0,0.0,32.0
2015-01-03,46.0,0.0,19.0
2015-01-04,40.0,0.0,25.0
2015-01-05,15.0,0.0,50.0
2015-01-06,15.0,0.0,50.0
2015-01-07,5.0,0.0,60.0
2015-01-08,7.0,0.0,58.0
2015-01-09,13.0,0.0,52.0
2015-01-10,11.0,0.0,54.0
2015-01-11,30.0,0.0,35.0
2015-01-12,29.0,0.0,36.0
2015-01-13,15.0,0.0,50.0
2015-01-14,14.0,0.0,51.0
2015-01-15,25.0,0.0,40.0
2015-01-16,30.0,0.0,35.0
2015-01-17,37.0,0.0,28.0
2015-01-18,39.0,0.0,26.0
2015-01-19,36.0,0.0,29.0
2015-01-20,41.0,0.0,24.0
2015-01-21,40.0,0.0,25.0
2015-01-22,34.0,0.0,31.0
2015-01-23,32.0,0.0,33.0
2015-01-24,33.0,0.0,32.0
2015-01-25,31.0,0.0,34.0
2015-01-26,18.0,0.0,47.0
2015-01-27,17.0,0.0,48.0
2015-01-28,19.0,0.0,46.0
2015-01-29,37.0,0.0,28.0
2015-01-30,25.0,0.0,40.0
2015-01-31,27.0,0.0,38.0
2015-02-01,38.0,0.0,27.0
2015-02-02,27.0,0.0,38.0
2015-02-03,25.0,0.0,40.0
2015-02-04,34.0,0.0,31.0
2015-02-05,16.0,0.0,49.0
2015-02-06,23.0,0.0,42.0
2015-02-07,41.0,0.0,24.0
2015-02-08,51.0,0.0,14.0
2015-02-09,33.0,0.0,32.0
2015-02-10,24.0,0.0,41.0
2015-02-11,31.0,0.0,34.0
2015-02-12,23.0,0.0,42.0
2015-02-13,22.0,0.0,43.0
2015-02-14,20.0,0.0,45.0
2015-02-15,8.0,0.0,57.0
2015-02-16,8.0,0.0,57.0
2015-02-17,10.0,0.0,55.0
2015-02-18,11.0,0.0,54.0
2015-02-19,2.0,0.0,63.0
2015-02-20,7.0,0.0,58.0
2015-02-21,21.0,0.0,44.0
2015-02-22,22.0,0.0,43.0
2015-02-23,8.0,0.0,57.0
2015-02-24,12.0,0.0,53.0
2015-02-25,22.0,0.0,43.0
2015-02-26,14.0,0.0,51.0
2015-02-27,11.0,0.0,54.0
2015-02-28,15.0,0.0,50.0
2015-03-01,27.0,0.0,38.0
2015-03-02,23.0,0.0,42.0
2015-03-03,33.0,0.0,32.0
2015-03-04,29.0,0.0,36.0
2015-03-05,17.0,0.0,48.0
2015-03-06,17.0,0.0,48.0
2015-03-07,35.0,0.0,30.0
2015-03-08,39.0,0.0,26.0
2015-03-09,43.0,0.0,22.0
2015-03-10,45.0,0.0,20.0
2015-03-11,45.0,0.0,20.0
2015-03-12,41.0,0.0,24.0
2015-03-13,47.0,0.0,18.0
2015-03-14,48.0,0.0,17.0
2015-03-15,47.0,0.0,18.0
2015-03-16,61.0,0.0,4.0
2015-03-17,45.0,0.0,20.0
2015-03-18,37.0,0.0,28.0
2015-03-19,43.0,0.0,22.0
2015-03-20,42.0,0.0,23.0
2015-03-21,52.0,0.0,13.0
2015-03-22,40.0,0.0,25.0
2015-03-23,33.0,0.0,32.0
2015-03-24,37.0,0.0,28.0
2015-03-25,52.0,0.0,13.0
2015-03-26,41.0,0.0,24.0
2015-03-27,30.0,0.0,35.0
2015-03-28,27.0,0.0,38.0
2015-03-29,36.0,0.0,29.0
2015-03-30,46.0,0.0,19.0
2015-03-31,50.0,0.0,15.0
2015-04-01,50.0,0.0,15.0
2015-04-02,57.0,0.0,8.0
2015-04-03,50.0,0.0,15.0
2015-04-04,42.0,0.0,23.0
2015-04-05,51.0,0.0,14.0
2015-04-06,54.0,0.0,11.0
2015-04-07,58.0,0.0,7.0
2015-04-08,60.0,0.0,5.0
2015-04-09,67.0,2.0,0.0
2015-04-10,59.0,0.0,6.0
2015-04-11,49.0,0.0,16.0
2015-04-12,57.0,0.0,8.0
2015-04-13,67.0,2.0,0.0
2015-04-14,55.0,0.0,10.0
2015-04-15,56.0,0.0,9.0
2015-04-16,62.0,0.0,3.0
2015-04-17,65.0,0.0,0.0
2015-04-18,65.0,0.0,0.0
2015-04-19,62.0,0.0,3.0
2015-04-20,56.0,0.0,9.0
2015-04-21,52.0,0.0,13.0
2015-04-22,42.0,0.0,23.0
2015-04-23,43.0,0.0,22.0
2015-04-24,46.0,0.0,19.0
2015-04-25,47.0,0.0,18.0
2015-04-26,49.0,0.0,16.0
2015-04-27,49.0,0.0,16.0
2015-04-28,50.0,0.0,15.0
2015-04-29,55.0,0.0,10.0
2015-04-30,55.0,0.0,10.0
2015-05-01,59.0,0.0,6.0
2015-05-02,63.0,0.0,2.0
2015-05-03,65.0,0.0,0.0
2015-05-04,70.0,5.0,0.0
2015-05-05,72.0,7.0,0.0
2015-05-06,71.0,6.0,0.0
2015-05-07,75.0,10.0,0.0
2015-05-08,75.0,10.0,0.0
2015-05-09,76.0,11.0,0.0
2015-05-10,76.0,11.0,0.0
2015-05-11,75.0,10.0,0.0
2015-05-12,60.0,0.0,5.0
2015-05-13,56.0,0.0,9.0
2015-05-14,57.0,0.0,8.0
2015-05-15,71.0,6.0,0.0
2015-05-16,72.0,7.0,0.0
2015-05-17,77.0,12.0,0.0
2015-05-18,74.0,9.0,0.0
2015-05-19,59.0,0.0,6.0
2015-05-20,50.0,0.0,15.0
2015-05-21,54.0,0.0,11.0
2015-05-22,60.0,0.0,5.0
2015-05-23,65.0,0.0,0.0
2015-05-24,70.0,5.0,0.0
2015-05-25,73.0,8.0,0.0
2015-05-26,77.0,12.0,0.0
2015-05-27,75.0,10.0,0.0
2015-05-28,73.0,8.0,0.0
2015-05-29,76.0,11.0,0.0
2015-05-30,78.0,13.0,0.0
2015-05-31,62.0,0.0,3.0
2015-06-01,54.0,0.0,11.0
2015-06-02,57.0,0.0,8.0
2015-06-03,64.0,0.0,1.0
2015-06-04,71.0,6.0,0.0
2015-06-05,74.0,9.0,0.0
2015-06-06,71.0,6.0,0.0
2015-06-07,74.0,9.0,0.0
2015-06-08,70.0,5.0,0.0
2015-06-09,69.0,4.0,0.0
2015-06-10,78.0,13.0,0.0
2015-06-11,80.0,15.0,0.0
2015-06-12,81.0,16.0,0.0
2015-06-13,81.0,16.0,0.0
2015-06-14,82.0,17.0,0.0
2015-06-15,81.0,16.0,0.0
2015-06-16,78.0,13.0,0.0
2015-06-17,73.0,8.0,0.0
2015-06-18,80.0,15.0,0.0
2015-06-19,72.0,7.0,0.0
2015-06-20,75.0,10.0,0.0
2015-06-21,78.0,13.0,0.0
2015-06-22,78.0,13.0,0.0
2015-06-23,76.0,11.0,0.0
2015-06-24,71.0,6.0,0.0
2015-06-25,74.0,9.0,0.0
2015-06-26,73.0,8.0,0.0
2015-06-27,65.0,0.0,0.0
2015-06-28,68.0,3.0,0.0
2015-06-29,66.0,1.0,0.0
2015-06-30,70.0,5.0,0.0
2015-07-01,71.0,6.0,0.0
2015-07-02,71.0,6.0,0.0
2015-07-03,71.0,6.0,0.0
2015-07-04,70.0,5.0,0.0
2015-07-05,72.0,7.0,0.0
2015-07-06,73.0,8.0,0.0
2015-07-07,75.0,10.0,0.0
2015-07-08,68.0,3.0,0.0
2015-07-09,73.0,8.0,0.0
2015-07-10,71.0,6.0,0.0
2015-07-11,72.0,7.0,0.0
2015-07-12,77.0,12.0,0.0
2015-07-13,72.0,7.0,0.0
2015-07-14,78.0,13.0,0.0
2015-07-15,70.0,5.0,0.0
2015-07-16,68.0,3.0,0.0
2015-07-17,79.0,14.0,0.0
2015-07-18,80.0,15.0,0.0
2015-07-19,79.0,14.0,0.0
2015-07-20,78.0,13.0,0.0
2015-07-21,73.0,8.0,0.0
2015-07-22,68.0,3.0,0.0
2015-07-23,72.0,7.0,0.0
2015-07-24,74.0,9.0,0.0
2015-07-25,74.0,9.0,0.0
2015-07-26,79.0,14.0,0.0
2015-07-27,77.0,12.0,0.0
2015-07-28,79.0,14.0,0.0
2015-07-29,81.0,16.0,0.0
2015-07-30,74.0,9.0,0.0
2015-07-31,75.0,10.0,0.0
2015-08-01,72.0,7.0,0.0
2015-08-02,75.0,10.0,0.0
2015-08-03,72.0,7.0,0.0
2015-08-04,71.0,6.0,0.0
2015-08-05,71.0,6.0,0.0
2015-08-06,65.0,0.0,0.0
2015-08-07,69.0,4.0,0.0
2015-08-08,71.0,6.0,0.0
2015-08-09,73.0,8.0,0.0
2015-08-10,77.0,12.0,0.0
2015-08-11,73.0,8.0,0.0
2015-08-12,68.0,3.0,0.0
2015-08-13,69.0,4.0,0.0
2015-08-14,73.0,8.0,0.0
2015-08-15,73.0,8.0,0.0
2015-08-16,76.0,11.0,0.0
2015-08-17,76.0,11.0,0.0
2015-08-18,76.0,11.0,0.0
2015-08-19,77.0,12.0,0.0
2015-08-20,68.0,3.0,0.0
2015-08-21,67.0,2.0,0.0
2015-08-22,67.0,2.0,0.0
2015-08-23,73.0,8.0,0.0
2015-08-24,65.0,0.0,0.0
2015-08-25,59.0,0.0,6.0
2015-08-26,62.0,0.0,3.0
2015-08-27,69.0,4.0,0.0
2015-08-28,66.0,1.0,0.0
2015-08-29,74.0,9.0,0.0
2015-08-30,77.0,12.0,0.0
2015-08-31,75.0,10.0,0.0
2015-09-01,77.0,12.0,0.0
2015-09-02,78.0,13.0,0.0
2015-09-03,78.0,13.0,0.0
2015-09-04,77.0,12.0,0.0
2015-09-05,76.0,11.0,0.0
2015-09-06,78.0,13.0,0.0
2015-09-07,80.0,15.0,0.0
2015-09-08,80.0,15.0,0.0
2015-09-09,72.0,7.0,0.0
2015-09-10,73.0,8.0,0.0
2015-09-11,67.0,2.0,0.0
2015-09-12,58.0,0.0,7.0
2015-09-13,59.0,0.0,6.0
2015-09-14,62.0,0.0,3.0
2015-09-15,66.0,1.0,0.0
2015-09-16,68.0,3.0,0.0
2015-09-17,70.0,5.0,0.0
2015-09-18,73.0,8.0,0.0
2015-09-19,64.0,0.0,1.0
2015-09-20,62.0,0.0,3.0
2015-09-21,62.0,0.0,3.0
2015-09-22,65.0,0.0,0.0
2015-09-23,68.0,3.0,0.0
2015-09-24,69.0,4.0,0.0
2015-09-25,67.0,2.0,0.0
2015-09-26,68.0,3.0,0.0
2015-09-27,70.0,5.0,0.0
2015-09-28,73.0,8.0,0.0
2015-09-29,67.0,2.0,0.0
2015-09-30,62.0,0.0,3.0
2015-10-01,56.0,0.0,9.0
2015-10-02,54.0,0.0,11.0
2015-10-03,48.0,0.0,17.0
2015-10-04,63.0,0.0,2.0
2015-10-05,66.0,1.0,0.0
2015-10-06,66.0,1.0,0.0
2015-10-07,66.0,1.0,0.0
2015-10-08,67.0,2.0,0.0
2015-10-09,61.0,0.0,4.0
2015-10-10,55.0,0.0,10.0
2015-10-11,59.0,0.0,6.0
2015-10-12,66.0,1.0,0.0
2015-10-13,55.0,0.0,10.0
2015-10-14,52.0,0.0,13.0
2015-10-15,55.0,0.0,10.0
2015-10-16,50.0,0.0,15.0
2015-10-17,40.0,0.0,25.0
2015-10-18,41.0,0.0,24.0
2015-10-19,51.0,0.0,14.0
2015-10-20,61.0,0.0,4.0
2015-10-21,62.0,0.0,3.0
2015-10-22,69.0,4.0,0.0
2015-10-23,60.0,0.0,5.0
2015-10-24,63.0,0.0,2.0
2015-10-25,51.0,0.0,14.0
2015-10-26,50.0,0.0,15.0
2015-10-27,49.0,0.0,16.0
2015-10-28,59.0,0.0,6.0
2015-10-29,46.0,0.0,19.0
2015-10-30,46.0,0.0,19.0
2015-10-31,49.0,0.0,16.0
2015-11-01,58.0,0.0,7.0
2015-11-02,57.0,0.0,8.0
2015-11-03,59.0,0.0,6.0
2015-11-04,62.0,0.0,3.0
2015-11-05,67.0,2.0,0.0
2015-11-06,56.0,0.0,9.0
2015-11-07,48.0,0.0,17.0
2015-11-08,43.0,0.0,22.0
2015-11-09,43.0,0.0,22.0
2015-11-10,44.0,0.0,21.0
2015-11-11,47.0,0.0,18.0
2015-11-12,51.0,0.0,14.0
2015-11-13,42.0,0.0,23.0
2015-11-14,39.0,0.0,26.0
2015-11-15,53.0,0.0,12.0
2015-11-16,49.0,0.0,16.0
2015-11-17,55.0,0.0,10.0
2015-11-18,61.0,0.0,4.0
2015-11-19,46.0,0.0,19.0
2015-11-20,38.0,0.0,27.0
2015-11-21,42.0,0.0,23.0
2015-11-22,26.0,0.0,39.0
2015-11-23,32.0,0.0,33.0
2015-11-24,39.0,0.0,26.0
2015-11-25,46.0,0.0,19.0
2015-11-26,57.0,0.0,8.0
2015-11-27,55.0,0.0,10.0
2015-11-28,44.0,0.0,21.0
2015-11-29,39.0,0.0,26.0
2015-11-30,42.0,0.0,23.0
2015-12-01,45.0,0.0,20.0
2015-12-02,40.0,0.0,25.0
2015-12-03,34.0,0.0,31.0
2015-12-04,29.0,0.0,36.0
2015-12-05,36.0,0.0,29.0
2015-12-06,37.0,0.0,28.0
2015-12-07,42.0,0.0,23.0
2015-12-08,43.0,0.0,22.0
2015-12-09,47.0,0.0,18.0
2015-12-10,46.0,0.0,19.0
2015-12-11,52.0,0.0,13.0
2015-12-12,64.0,0.0,1.0
2015-12-13,59.0,0.0,6.0
2015-12-14,56.0,0.0,9.0
2015-12-15,43.0,0.0,22.0
2015-12-16,48.0,0.0,17.0
2015-12-17,42.0,0.0,23.0
2015-12-18,30.0,0.0,35.0
2015-12-19,28.0,0.0,37.0
2015-12-20,34.0,0.0,31.0
2015-12-21,48.0,0.0,17.0
2015-12-22,50.0,0.0,15.0
2015-12-23,57.0,0.0,8.0
2015-12-24,47.0,0.0,18.0
2015-12-25,48.0,0.0,17.0
2015-12-26,51.0,0.0,14.0
2015-12-27,52.0,0.0,13.0
2015-12-28,44.0,0.0,21.0
2015-12-29,44.0,0.0,21.0
2015-12-30,35.0,0.0,30.0
2015-12-31,31.0,0.0,34.0
